[{"customerId":"1","companyName":"TCS","contactName":"Snehal","contactTitle":"Ms.","customerAddress":"Hinjewadi","customerCity":"Pune","customerRegion":"Pune","customerPostalCode":"411033","customerCountry":"India","customerPhone":"1234567890","customerFax":"12345678"},
{"customerId":"2","companyName":"Infosys","contactName":"Amruta","contactTitle":"Ms.","customerAddress":"Thane","customerCity":"Mumbai","customerRegion":"Mumbai","customerPostalCode":"412365","customerCountry":"India","customerPhone":"1234567890","customerFax":"12345678"},
{"customerId":"3","companyName":"Capgemini","contactName":"Shweta","contactTitle":"Ms.","customerAddress":"Banglore","customerCity":"Banglore","customerRegion":"Banglore","customerPostalCode":"412365","customerCountry":"India","customerPhone":"1234567890","customerFax":"12345678"},{"customerId":"4","companyName":"Mindtree","contactName":"Sonia","contactTitle":"Ms.","customerAddress":"Chennai","customerCity":"Chennai","customerRegion":"Chennai","customerPostalCode":"412365","customerCountry":"India","customerPhone":"1234567890","customerFax":"12345678"},{"customerId":"5","companyName":"Cummins","contactName":"Sujata","contactTitle":"Ms.","customerAddress":"Pune","customerCity":"Pune","customerRegion":"Pune","customerPostalCode":"412365","customerCountry":"India","customerPhone":"1234567890","customerFax":"12345678"},
{"customerId":"6","companyName":"seed","contactName":"Shama","contactTitle":"Ms.","customerAddress":"Kochi","customerCity":"Kochi","customerRegion":"Kochi","customerPostalCode":"412365","customerCountry":"India","customerPhone":"1234567890","customerFax":"12345678"}]