[
   {"OrderID":"10249","CustomerID":"TOMSP","EmployeeID":"6","OrderDate":"1996-07-05T00:00:00","RequiredDate":"1996-08-16T00:00:00","ShippedDate":"1996-07-10T00:00:00","ShipVia":"1","Freight":"11.6100","ShipName":"Toms Spezialitäten","ShipAddress":"Luisenstr. 48","ShipCity":"Münster","ShipPostalCode":"44087","ShipCountry":"Germany"},
    {"OrderID":"10250","CustomerID":"HANAR","EmployeeID":"4","OrderDate":"1996-07-08T00:00:00","RequiredDate":"1996-08-05T00:00:00","ShippedDate":"1996-07-12T00:00:00","ShipVia":"2","Freight":"65.8300","ShipName":"Hanari Carnes","ShipAddress":"Rua do Paço, 67","ShipCity":"Rio de Janeiro","ShipRegion":"RJ","ShipPostalCode":"05454-876","ShipCountry":"Brazil"},
    {"OrderID":"10251","CustomerID":"VICTE","EmployeeID":"3","OrderDate":"1996-07-08T00:00:00","RequiredDate":"1996-08-05T00:00:00","ShippedDate":"1996-07-15T00:00:00","ShipVia":"1","Freight":"41.3400","ShipName":"Victuailles en stock","ShipAddress":"2, rue du Commerce","ShipCity":"Lyon","ShipPostalCode":"69004","ShipCountry":"France"},
    {"OrderID":"10252","CustomerID":"SUPRD","EmployeeID":"4","OrderDate":"1996-07-09T00:00:00","RequiredDate":"1996-08-06T00:00:00","ShippedDate":"1996-07-11T00:00:00","ShipVia":"2","Freight":"51.3000","ShipName":"Suprêmes délices","ShipAddress":"Boulevard Tirou, 255","ShipCity":"Charleroi","ShipPostalCode":"B-6000","ShipCountry":"Belgium"},
    {"OrderID":"10253","CustomerID":"HANAR","EmployeeID":"3","OrderDate":"1996-07-10T00:00:00","RequiredDate":"1996-07-24T00:00:00","ShippedDate":"1996-07-16T00:00:00","ShipVia":"2","Freight":"58.1700","ShipName":"Hanari Carnes","ShipAddress":"Rua do Paço, 67","ShipCity":"Rio de Janeiro","ShipRegion":"RJ","ShipPostalCode":"05454-876","ShipCountry":"Brazil"},
    {"OrderID":"10254","CustomerID":"CHOPS","EmployeeID":"5","OrderDate":"1996-07-11T00:00:00","RequiredDate":"1996-08-08T00:00:00","ShippedDate":"1996-07-23T00:00:00","ShipVia":"2","Freight":"22.9800","ShipName":"Chop-suey Chinese","ShipAddress":"Hauptstr. 31","ShipCity":"Bern","ShipPostalCode":"3012","ShipCountry":"Switzerland"},
    {"OrderID":"10255","CustomerID":"RICSU","EmployeeID":"9","OrderDate":"1996-07-12T00:00:00","RequiredDate":"1996-08-09T00:00:00","ShippedDate":"1996-07-15T00:00:00","ShipVia":"3","Freight":"148.3300","ShipName":"Richter Supermarkt","ShipAddress":"Starenweg 5","ShipCity":"Genève","ShipPostalCode":"1204","ShipCountry":"Switzerland"},
    {"OrderID":"10256","CustomerID":"WELLI","EmployeeID":"3","OrderDate":"1996-07-15T00:00:00","RequiredDate":"1996-08-12T00:00:00","ShippedDate":"1996-07-17T00:00:00","ShipVia":"2","Freight":"13.9700","ShipName":"Wellington Importadora","ShipAddress":"Rua do Mercado, 12","ShipCity":"Resende","ShipRegion":"SP","ShipPostalCode":"08737-363","ShipCountry":"Brazil"},
    {"OrderID":"10257","CustomerID":"HILAA","EmployeeID":"4","OrderDate":"1996-07-16T00:00:00","RequiredDate":"1996-08-13T00:00:00","ShippedDate":"1996-07-22T00:00:00","ShipVia":"3","Freight":"81.9100","ShipName":"HILARION-Abastos","ShipAddress":"Carrera 22 con Ave. Carlos Soublette #8-35","ShipCity":"San Cristóbal","ShipRegion":"Táchira","ShipPostalCode":"5022","ShipCountry":"Venezuela"},
    {"OrderID":"10258","CustomerID":"ERNSH","EmployeeID":"1","OrderDate":"1996-07-17T00:00:00","RequiredDate":"1996-08-14T00:00:00","ShippedDate":"1996-07-23T00:00:00","ShipVia":"1","Freight":"140.5100","ShipName":"Ernst Handel","ShipAddress":"Kirchgasse 6","ShipCity":"Graz","ShipPostalCode":"8010","ShipCountry":"Austria"},
    {"OrderID":"10259","CustomerID":"CENTC","EmployeeID":"4","OrderDate":"1996-07-18T00:00:00","RequiredDate":"1996-08-15T00:00:00","ShippedDate":"1996-07-25T00:00:00","ShipVia":"3","Freight":"3.2500","ShipName":"Centro comercial Moctezuma","ShipAddress":"Sierras de Granada 9993","ShipCity":"México D.F.","ShipPostalCode":"05022","ShipCountry":"Mexico"},
    {"OrderID":"10260","CustomerID":"OTTIK","EmployeeID":"4","OrderDate":"1996-07-19T00:00:00","RequiredDate":"1996-08-16T00:00:00","ShippedDate":"1996-07-29T00:00:00","ShipVia":"1","Freight":"55.0900","ShipName":"Ottilies Käseladen","ShipAddress":"Mehrheimerstr. 369","ShipCity":"Köln","ShipPostalCode":"50739","ShipCountry":"Germany"},
    {"OrderID":"10261","CustomerID":"QUEDE","EmployeeID":"4","OrderDate":"1996-07-19T00:00:00","RequiredDate":"1996-08-16T00:00:00","ShippedDate":"1996-07-30T00:00:00","ShipVia":"2","Freight":"3.0500","ShipName":"Que Delícia","ShipAddress":"Rua da Panificadora, 12","ShipCity":"Rio de Janeiro","ShipRegion":"RJ","ShipPostalCode":"02389-673","ShipCountry":"Brazil"},
    {"OrderID":"10262","CustomerID":"RATTC","EmployeeID":"8","OrderDate":"1996-07-22T00:00:00","RequiredDate":"1996-08-19T00:00:00","ShippedDate":"1996-07-25T00:00:00","ShipVia":"3","Freight":"48.2900","ShipName":"Rattlesnake Canyon Grocery","ShipAddress":"2817 Milton Dr.","ShipCity":"Albuquerque","ShipRegion":"NM","ShipPostalCode":"87110","ShipCountry":"USA"},
    {"OrderID":"10263","CustomerID":"ERNSH","EmployeeID":"9","OrderDate":"1996-07-23T00:00:00","RequiredDate":"1996-08-20T00:00:00","ShippedDate":"1996-07-31T00:00:00","ShipVia":"3","Freight":"146.0600","ShipName":"Ernst Handel","ShipAddress":"Kirchgasse 6","ShipCity":"Graz","ShipPostalCode":"8010","ShipCountry":"Austria"},
    {"OrderID":"10264","CustomerID":"FOLKO","EmployeeID":"6","OrderDate":"1996-07-24T00:00:00","RequiredDate":"1996-08-21T00:00:00","ShippedDate":"1996-08-23T00:00:00","ShipVia":"3","Freight":"3.6700","ShipName":"Folk och fä HB","ShipAddress":"Åkergatan 24","ShipCity":"Bräcke","ShipPostalCode":"S-844 67","ShipCountry":"Sweden"},
    {"OrderID":"10265","CustomerID":"BLONP","EmployeeID":"2","OrderDate":"1996-07-25T00:00:00","RequiredDate":"1996-08-22T00:00:00","ShippedDate":"1996-08-12T00:00:00","ShipVia":"1","Freight":"55.2800","ShipName":"Blondel père et fils","ShipAddress":"24, place Kléber","ShipCity":"Strasbourg","ShipPostalCode":"67000","ShipCountry":"France"},
    {"OrderID":"10266","CustomerID":"WARTH","EmployeeID":"3","OrderDate":"1996-07-26T00:00:00","RequiredDate":"1996-09-06T00:00:00","ShippedDate":"1996-07-31T00:00:00","ShipVia":"3","Freight":"25.7300","ShipName":"Wartian Herkku","ShipAddress":"Torikatu 38","ShipCity":"Oulu","ShipPostalCode":"90110","ShipCountry":"Finland"},
    {"OrderID":"10267","CustomerID":"FRANK","EmployeeID":"4","OrderDate":"1996-07-29T00:00:00","RequiredDate":"1996-08-26T00:00:00","ShippedDate":"1996-08-06T00:00:00","ShipVia":"1","Freight":"208.5800","ShipName":"Frankenversand","ShipAddress":"Berliner Platz 43","ShipCity":"München","ShipPostalCode":"80805","ShipCountry":"Germany"},
    {"OrderID":"10268","CustomerID":"GROSR","EmployeeID":"8","OrderDate":"1996-07-30T00:00:00","RequiredDate":"1996-08-27T00:00:00","ShippedDate":"1996-08-02T00:00:00","ShipVia":"3","Freight":"66.2900","ShipName":"GROSELLA-Restaurante","ShipAddress":"5ª Ave. Los Palos Grandes","ShipCity":"Caracas","ShipRegion":"DF","ShipPostalCode":"1081","ShipCountry":"Venezuela"},
    {"OrderID":"10269","CustomerID":"WHITC","EmployeeID":"5","OrderDate":"1996-07-31T00:00:00","RequiredDate":"1996-08-14T00:00:00","ShippedDate":"1996-08-09T00:00:00","ShipVia":"1","Freight":"4.5600","ShipName":"White Clover Markets","ShipAddress":"1029 - 12th Ave. S.","ShipCity":"Seattle","ShipRegion":"WA","ShipPostalCode":"98124","ShipCountry":"USA"},
    {"OrderID":"10270","CustomerID":"WARTH","EmployeeID":"1","OrderDate":"1996-08-01T00:00:00","RequiredDate":"1996-08-29T00:00:00","ShippedDate":"1996-08-02T00:00:00","ShipVia":"1","Freight":"136.5400","ShipName":"Wartian Herkku","ShipAddress":"Torikatu 38","ShipCity":"Oulu","ShipPostalCode":"90110","ShipCountry":"Finland"},
    {"OrderID":"10271","CustomerID":"SPLIR","EmployeeID":"6","OrderDate":"1996-08-01T00:00:00","RequiredDate":"1996-08-29T00:00:00","ShippedDate":"1996-08-30T00:00:00","ShipVia":"2","Freight":"4.5400","ShipName":"Split Rail Beer & Ale","ShipAddress":"P.O. Box 555","ShipCity":"Lander","ShipRegion":"WY","ShipPostalCode":"82520","ShipCountry":"USA"},
    {"OrderID":"10272","CustomerID":"RATTC","EmployeeID":"6","OrderDate":"1996-08-02T00:00:00","RequiredDate":"1996-08-30T00:00:00","ShippedDate":"1996-08-06T00:00:00","ShipVia":"2","Freight":"98.0300","ShipName":"Rattlesnake Canyon Grocery","ShipAddress":"2817 Milton Dr.","ShipCity":"Albuquerque","ShipRegion":"NM","ShipPostalCode":"87110","ShipCountry":"USA"},
    {"OrderID":"10273","CustomerID":"QUICK","EmployeeID":"3","OrderDate":"1996-08-05T00:00:00","RequiredDate":"1996-09-02T00:00:00","ShippedDate":"1996-08-12T00:00:00","ShipVia":"3","Freight":"76.0700","ShipName":"QUICK-Stop","ShipAddress":"Taucherstraße 10","ShipCity":"Cunewalde","ShipPostalCode":"01307","ShipCountry":"Germany"},
    {"OrderID":"10274","CustomerID":"VINET","EmployeeID":"6","OrderDate":"1996-08-06T00:00:00","RequiredDate":"1996-09-03T00:00:00","ShippedDate":"1996-08-16T00:00:00","ShipVia":"1","Freight":"6.0100","ShipName":"Vins et alcools Chevalier","ShipAddress":"59 rue de l'Abbaye","ShipCity":"Reims","ShipPostalCode":"51100","ShipCountry":"France"},
    {"OrderID":"10275","CustomerID":"MAGAA","EmployeeID":"1","OrderDate":"1996-08-07T00:00:00","RequiredDate":"1996-09-04T00:00:00","ShippedDate":"1996-08-09T00:00:00","ShipVia":"1","Freight":"26.9300","ShipName":"Magazzini Alimentari Riuniti","ShipAddress":"Via Ludovico il Moro 22","ShipCity":"Bergamo","ShipPostalCode":"24100","ShipCountry":"Italy"},
    {"OrderID":"10276","CustomerID":"TORTU","EmployeeID":"8","OrderDate":"1996-08-08T00:00:00","RequiredDate":"1996-08-22T00:00:00","ShippedDate":"1996-08-14T00:00:00","ShipVia":"3","Freight":"13.8400","ShipName":"Tortuga Restaurante","ShipAddress":"Avda. Azteca 123","ShipCity":"México D.F.","ShipPostalCode":"05033","ShipCountry":"Mexico"},
    {"OrderID":"10277","CustomerID":"MORGK","EmployeeID":"2","OrderDate":"1996-08-09T00:00:00","RequiredDate":"1996-09-06T00:00:00","ShippedDate":"1996-08-13T00:00:00","ShipVia":"3","Freight":"125.7700","ShipName":"Morgenstern Gesundkost","ShipAddress":"Heerstr. 22","ShipCity":"Leipzig","ShipPostalCode":"04179","ShipCountry":"Germany"},
    {"OrderID":"10278","CustomerID":"BERGS","EmployeeID":"8","OrderDate":"1996-08-12T00:00:00","RequiredDate":"1996-09-09T00:00:00","ShippedDate":"1996-08-16T00:00:00","ShipVia":"2","Freight":"92.6900","ShipName":"Berglunds snabbköp","ShipAddress":"Berguvsvägen  8","ShipCity":"Luleå","ShipPostalCode":"S-958 22","ShipCountry":"Sweden"},
    {"OrderID":"10279","CustomerID":"LEHMS","EmployeeID":"8","OrderDate":"1996-08-13T00:00:00","RequiredDate":"1996-09-10T00:00:00","ShippedDate":"1996-08-16T00:00:00","ShipVia":"2","Freight":"25.8300","ShipName":"Lehmanns Marktstand","ShipAddress":"Magazinweg 7","ShipCity":"Frankfurt a.M.","ShipPostalCode":"60528","ShipCountry":"Germany"},
    {"OrderID":"10280","CustomerID":"BERGS","EmployeeID":"2","OrderDate":"1996-08-14T00:00:00","RequiredDate":"1996-09-11T00:00:00","ShippedDate":"1996-09-12T00:00:00","ShipVia":"1","Freight":"8.9800","ShipName":"Berglunds snabbköp","ShipAddress":"Berguvsvägen  8","ShipCity":"Luleå","ShipPostalCode":"S-958 22","ShipCountry":"Sweden"},
    {"OrderID":"10281","CustomerID":"ROMEY","EmployeeID":"4","OrderDate":"1996-08-14T00:00:00","RequiredDate":"1996-08-28T00:00:00","ShippedDate":"1996-08-21T00:00:00","ShipVia":"1","Freight":"2.9400","ShipName":"Romero y tomillo","ShipAddress":"Gran Vía, 1","ShipCity":"Madrid","ShipPostalCode":"28001","ShipCountry":"Spain"},
    {"OrderID":"10282","CustomerID":"ROMEY","EmployeeID":"4","OrderDate":"1996-08-15T00:00:00","RequiredDate":"1996-09-12T00:00:00","ShippedDate":"1996-08-21T00:00:00","ShipVia":"1","Freight":"12.6900","ShipName":"Romero y tomillo","ShipAddress":"Gran Vía, 1","ShipCity":"Madrid","ShipPostalCode":"28001","ShipCountry":"Spain"},
    {"OrderID":"10283","CustomerID":"LILAS","EmployeeID":"3","OrderDate":"1996-08-16T00:00:00","RequiredDate":"1996-09-13T00:00:00","ShippedDate":"1996-08-23T00:00:00","ShipVia":"3","Freight":"84.8100","ShipName":"LILA-Supermercado","ShipAddress":"Carrera 52 con Ave. Bolívar #65-98 Llano Largo","ShipCity":"Barquisimeto","ShipRegion":"Lara","ShipPostalCode":"3508","ShipCountry":"Venezuela"},
    {"OrderID":"10284","CustomerID":"LEHMS","EmployeeID":"4","OrderDate":"1996-08-19T00:00:00","RequiredDate":"1996-09-16T00:00:00","ShippedDate":"1996-08-27T00:00:00","ShipVia":"1","Freight":"76.5600","ShipName":"Lehmanns Marktstand","ShipAddress":"Magazinweg 7","ShipCity":"Frankfurt a.M.","ShipPostalCode":"60528","ShipCountry":"Germany"},
    {"OrderID":"10285","CustomerID":"QUICK","EmployeeID":"1","OrderDate":"1996-08-20T00:00:00","RequiredDate":"1996-09-17T00:00:00","ShippedDate":"1996-08-26T00:00:00","ShipVia":"2","Freight":"76.8300","ShipName":"QUICK-Stop","ShipAddress":"Taucherstraße 10","ShipCity":"Cunewalde","ShipPostalCode":"01307","ShipCountry":"Germany"},
    {"OrderID":"10286","CustomerID":"QUICK","EmployeeID":"8","OrderDate":"1996-08-21T00:00:00","RequiredDate":"1996-09-18T00:00:00","ShippedDate":"1996-08-30T00:00:00","ShipVia":"3","Freight":"229.2400","ShipName":"QUICK-Stop","ShipAddress":"Taucherstraße 10","ShipCity":"Cunewalde","ShipPostalCode":"01307","ShipCountry":"Germany"},
    {"OrderID":"10287","CustomerID":"RICAR","EmployeeID":"8","OrderDate":"1996-08-22T00:00:00","RequiredDate":"1996-09-19T00:00:00","ShippedDate":"1996-08-28T00:00:00","ShipVia":"3","Freight":"12.7600","ShipName":"Ricardo Adocicados","ShipAddress":"Av. Copacabana, 267","ShipCity":"Rio de Janeiro","ShipRegion":"RJ","ShipPostalCode":"02389-890","ShipCountry":"Brazil"},
    {"OrderID":"10288","CustomerID":"REGGC","EmployeeID":"4","OrderDate":"1996-08-23T00:00:00","RequiredDate":"1996-09-20T00:00:00","ShippedDate":"1996-09-03T00:00:00","ShipVia":"1","Freight":"7.4500","ShipName":"Reggiani Caseifici","ShipAddress":"Strada Provinciale 124","ShipCity":"Reggio Emilia","ShipPostalCode":"42100","ShipCountry":"Italy"},
    {"OrderID":"10289","CustomerID":"BSBEV","EmployeeID":"7","OrderDate":"1996-08-26T00:00:00","RequiredDate":"1996-09-23T00:00:00","ShippedDate":"1996-08-28T00:00:00","ShipVia":"3","Freight":"22.7700","ShipName":"B's Beverages","ShipAddress":"Fauntleroy Circus","ShipCity":"London","ShipPostalCode":"EC2 5NT","ShipCountry":"UK"},
    {"OrderID":"10290","CustomerID":"COMMI","EmployeeID":"8","OrderDate":"1996-08-27T00:00:00","RequiredDate":"1996-09-24T00:00:00","ShippedDate":"1996-09-03T00:00:00","ShipVia":"1","Freight":"79.7000","ShipName":"Comércio Mineiro","ShipAddress":"Av. dos Lusíadas, 23","ShipCity":"Sao Paulo","ShipRegion":"SP","ShipPostalCode":"05432-043","ShipCountry":"Brazil"},
    {"OrderID":"10291","CustomerID":"QUEDE","EmployeeID":"6","OrderDate":"1996-08-27T00:00:00","RequiredDate":"1996-09-24T00:00:00","ShippedDate":"1996-09-04T00:00:00","ShipVia":"2","Freight":"6.4000","ShipName":"Que Delícia","ShipAddress":"Rua da Panificadora, 12","ShipCity":"Rio de Janeiro","ShipRegion":"RJ","ShipPostalCode":"02389-673","ShipCountry":"Brazil"},
    {"OrderID":"10292","CustomerID":"TRADH","EmployeeID":"1","OrderDate":"1996-08-28T00:00:00","RequiredDate":"1996-09-25T00:00:00","ShippedDate":"1996-09-02T00:00:00","ShipVia":"2","Freight":"1.3500","ShipName":"Tradiçao Hipermercados","ShipAddress":"Av. Inês de Castro, 414","ShipCity":"Sao Paulo","ShipRegion":"SP","ShipPostalCode":"05634-030","ShipCountry":"Brazil"},
    {"OrderID":"10293","CustomerID":"TORTU","EmployeeID":"1","OrderDate":"1996-08-29T00:00:00","RequiredDate":"1996-09-26T00:00:00","ShippedDate":"1996-09-11T00:00:00","ShipVia":"3","Freight":"21.1800","ShipName":"Tortuga Restaurante","ShipAddress":"Avda. Azteca 123","ShipCity":"México D.F.","ShipPostalCode":"05033","ShipCountry":"Mexico"},
    {"OrderID":"10294","CustomerID":"RATTC","EmployeeID":"4","OrderDate":"1996-08-30T00:00:00","RequiredDate":"1996-09-27T00:00:00","ShippedDate":"1996-09-05T00:00:00","ShipVia":"2","Freight":"147.2600","ShipName":"Rattlesnake Canyon Grocery","ShipAddress":"2817 Milton Dr.","ShipCity":"Albuquerque","ShipRegion":"NM","ShipPostalCode":"87110","ShipCountry":"USA"},
    {"OrderID":"10295","CustomerID":"VINET","EmployeeID":"2","OrderDate":"1996-09-02T00:00:00","RequiredDate":"1996-09-30T00:00:00","ShippedDate":"1996-09-10T00:00:00","ShipVia":"2","Freight":"1.1500","ShipName":"Vins et alcools Chevalier","ShipAddress":"59 rue de l'Abbaye","ShipCity":"Reims","ShipPostalCode":"51100","ShipCountry":"France"},
    {"OrderID":"10296","CustomerID":"LILAS","EmployeeID":"6","OrderDate":"1996-09-03T00:00:00","RequiredDate":"1996-10-01T00:00:00","ShippedDate":"1996-09-11T00:00:00","ShipVia":"1","Freight":"0.1200","ShipName":"LILA-Supermercado","ShipAddress":"Carrera 52 con Ave. Bolívar #65-98 Llano Largo","ShipCity":"Barquisimeto","ShipRegion":"Lara","ShipPostalCode":"3508","ShipCountry":"Venezuela"},
    {"OrderID":"10297","CustomerID":"BLONP","EmployeeID":"5","OrderDate":"1996-09-04T00:00:00","RequiredDate":"1996-10-16T00:00:00","ShippedDate":"1996-09-10T00:00:00","ShipVia":"2","Freight":"5.7400","ShipName":"Blondel père et fils","ShipAddress":"24, place Kléber","ShipCity":"Strasbourg","ShipPostalCode":"67000","ShipCountry":"France"},
    {"OrderID":"10298","CustomerID":"HUNGO","EmployeeID":"6","OrderDate":"1996-09-05T00:00:00","RequiredDate":"1996-10-03T00:00:00","ShippedDate":"1996-09-11T00:00:00","ShipVia":"2","Freight":"168.2200","ShipName":"Hungry Owl All-Night Grocers","ShipAddress":"8 Johnstown Road","ShipCity":"Cork","ShipRegion":"Co. Cork","ShipCountry":"Ireland"},
    {"OrderID":"10299","CustomerID":"RICAR","EmployeeID":"4","OrderDate":"1996-09-06T00:00:00","RequiredDate":"1996-10-04T00:00:00","ShippedDate":"1996-09-13T00:00:00","ShipVia":"2","Freight":"29.7600","ShipName":"Ricardo Adocicados","ShipAddress":"Av. Copacabana, 267","ShipCity":"Rio de Janeiro","ShipRegion":"RJ","ShipPostalCode":"02389-890","ShipCountry":"Brazil"},
    {"OrderID":"10300","CustomerID":"MAGAA","EmployeeID":"2","OrderDate":"1996-09-09T00:00:00","RequiredDate":"1996-10-07T00:00:00","ShippedDate":"1996-09-18T00:00:00","ShipVia":"2","Freight":"17.6800","ShipName":"Magazzini Alimentari Riuniti","ShipAddress":"Via Ludovico il Moro 22","ShipCity":"Bergamo","ShipPostalCode":"24100","ShipCountry":"Italy"},
    {"OrderID":"10301","CustomerID":"WANDK","EmployeeID":"8","OrderDate":"1996-09-09T00:00:00","RequiredDate":"1996-10-07T00:00:00","ShippedDate":"1996-09-17T00:00:00","ShipVia":"2","Freight":"45.0800","ShipName":"Die Wandernde Kuh","ShipAddress":"Adenauerallee 900","ShipCity":"Stuttgart","ShipPostalCode":"70563","ShipCountry":"Germany"},
    {"OrderID":"10302","CustomerID":"SUPRD","EmployeeID":"4","OrderDate":"1996-09-10T00:00:00","RequiredDate":"1996-10-08T00:00:00","ShippedDate":"1996-10-09T00:00:00","ShipVia":"2","Freight":"6.2700","ShipName":"Suprêmes délices","ShipAddress":"Boulevard Tirou, 255","ShipCity":"Charleroi","ShipPostalCode":"B-6000","ShipCountry":"Belgium"},
    {"OrderID":"10303","CustomerID":"GODOS","EmployeeID":"7","OrderDate":"1996-09-11T00:00:00","RequiredDate":"1996-10-09T00:00:00","ShippedDate":"1996-09-18T00:00:00","ShipVia":"2","Freight":"107.8300","ShipName":"Godos Cocina Típica","ShipAddress":"C\/ Romero, 33","ShipCity":"Sevilla","ShipPostalCode":"41101","ShipCountry":"Spain"},
    {"OrderID":"10304","CustomerID":"TORTU","EmployeeID":"1","OrderDate":"1996-09-12T00:00:00","RequiredDate":"1996-10-10T00:00:00","ShippedDate":"1996-09-17T00:00:00","ShipVia":"2","Freight":"63.7900","ShipName":"Tortuga Restaurante","ShipAddress":"Avda. Azteca 123","ShipCity":"México D.F.","ShipPostalCode":"05033","ShipCountry":"Mexico"},
    {"OrderID":"10305","CustomerID":"OLDWO","EmployeeID":"8","OrderDate":"1996-09-13T00:00:00","RequiredDate":"1996-10-11T00:00:00","ShippedDate":"1996-10-09T00:00:00","ShipVia":"3","Freight":"257.6200","ShipName":"Old World Delicatessen","ShipAddress":"2743 Bering St.","ShipCity":"Anchorage","ShipRegion":"AK","ShipPostalCode":"99508","ShipCountry":"USA"},
    {"OrderID":"10306","CustomerID":"ROMEY","EmployeeID":"1","OrderDate":"1996-09-16T00:00:00","RequiredDate":"1996-10-14T00:00:00","ShippedDate":"1996-09-23T00:00:00","ShipVia":"3","Freight":"7.5600","ShipName":"Romero y tomillo","ShipAddress":"Gran Vía, 1","ShipCity":"Madrid","ShipPostalCode":"28001","ShipCountry":"Spain"},
    {"OrderID":"10307","CustomerID":"LONEP","EmployeeID":"2","OrderDate":"1996-09-17T00:00:00","RequiredDate":"1996-10-15T00:00:00","ShippedDate":"1996-09-25T00:00:00","ShipVia":"2","Freight":"0.5600","ShipName":"Lonesome Pine Restaurant","ShipAddress":"89 Chiaroscuro Rd.","ShipCity":"Portland","ShipRegion":"OR","ShipPostalCode":"97219","ShipCountry":"USA"},
    {"OrderID":"10308","CustomerID":"ANATR","EmployeeID":"7","OrderDate":"1996-09-18T00:00:00","RequiredDate":"1996-10-16T00:00:00","ShippedDate":"1996-09-24T00:00:00","ShipVia":"3","Freight":"1.6100","ShipName":"Ana Trujillo Emparedados y helados","ShipAddress":"Avda. de la Constitución 2222","ShipCity":"México D.F.","ShipPostalCode":"05021","ShipCountry":"Mexico"},
    {"OrderID":"10309","CustomerID":"HUNGO","EmployeeID":"3","OrderDate":"1996-09-19T00:00:00","RequiredDate":"1996-10-17T00:00:00","ShippedDate":"1996-10-23T00:00:00","ShipVia":"1","Freight":"47.3000","ShipName":"Hungry Owl All-Night Grocers","ShipAddress":"8 Johnstown Road","ShipCity":"Cork","ShipRegion":"Co. Cork","ShipCountry":"Ireland"},
    {"OrderID":"10310","CustomerID":"THEBI","EmployeeID":"8","OrderDate":"1996-09-20T00:00:00","RequiredDate":"1996-10-18T00:00:00","ShippedDate":"1996-09-27T00:00:00","ShipVia":"2","Freight":"17.5200","ShipName":"The Big Cheese","ShipAddress":"89 Jefferson Way Suite 2","ShipCity":"Portland","ShipRegion":"OR","ShipPostalCode":"97201","ShipCountry":"USA"},
    {"OrderID":"10311","CustomerID":"DUMON","EmployeeID":"1","OrderDate":"1996-09-20T00:00:00","RequiredDate":"1996-10-04T00:00:00","ShippedDate":"1996-09-26T00:00:00","ShipVia":"3","Freight":"24.6900","ShipName":"Du monde entier","ShipAddress":"67, rue des Cinquante Otages","ShipCity":"Nantes","ShipPostalCode":"44000","ShipCountry":"France"},
    {"OrderID":"10312","CustomerID":"WANDK","EmployeeID":"2","OrderDate":"1996-09-23T00:00:00","RequiredDate":"1996-10-21T00:00:00","ShippedDate":"1996-10-03T00:00:00","ShipVia":"2","Freight":"40.2600","ShipName":"Die Wandernde Kuh","ShipAddress":"Adenauerallee 900","ShipCity":"Stuttgart","ShipPostalCode":"70563","ShipCountry":"Germany"},
    {"OrderID":"10313","CustomerID":"QUICK","EmployeeID":"2","OrderDate":"1996-09-24T00:00:00","RequiredDate":"1996-10-22T00:00:00","ShippedDate":"1996-10-04T00:00:00","ShipVia":"2","Freight":"1.9600","ShipName":"QUICK-Stop","ShipAddress":"Taucherstraße 10","ShipCity":"Cunewalde","ShipPostalCode":"01307","ShipCountry":"Germany"},
    {"OrderID":"10314","CustomerID":"RATTC","EmployeeID":"1","OrderDate":"1996-09-25T00:00:00","RequiredDate":"1996-10-23T00:00:00","ShippedDate":"1996-10-04T00:00:00","ShipVia":"2","Freight":"74.1600","ShipName":"Rattlesnake Canyon Grocery","ShipAddress":"2817 Milton Dr.","ShipCity":"Albuquerque","ShipRegion":"NM","ShipPostalCode":"87110","ShipCountry":"USA"},
    {"OrderID":"10315","CustomerID":"ISLAT","EmployeeID":"4","OrderDate":"1996-09-26T00:00:00","RequiredDate":"1996-10-24T00:00:00","ShippedDate":"1996-10-03T00:00:00","ShipVia":"2","Freight":"41.7600","ShipName":"Island Trading","ShipAddress":"Garden House Crowther Way","ShipCity":"Cowes","ShipRegion":"Isle of Wight","ShipPostalCode":"PO31 7PJ","ShipCountry":"UK"},
    {"OrderID":"10316","CustomerID":"RATTC","EmployeeID":"1","OrderDate":"1996-09-27T00:00:00","RequiredDate":"1996-10-25T00:00:00","ShippedDate":"1996-10-08T00:00:00","ShipVia":"3","Freight":"150.1500","ShipName":"Rattlesnake Canyon Grocery","ShipAddress":"2817 Milton Dr.","ShipCity":"Albuquerque","ShipRegion":"NM","ShipPostalCode":"87110","ShipCountry":"USA"},
    {"OrderID":"10317","CustomerID":"LONEP","EmployeeID":"6","OrderDate":"1996-09-30T00:00:00","RequiredDate":"1996-10-28T00:00:00","ShippedDate":"1996-10-10T00:00:00","ShipVia":"1","Freight":"12.6900","ShipName":"Lonesome Pine Restaurant","ShipAddress":"89 Chiaroscuro Rd.","ShipCity":"Portland","ShipRegion":"OR","ShipPostalCode":"97219","ShipCountry":"USA"},
    {"OrderID":"10318","CustomerID":"ISLAT","EmployeeID":"8","OrderDate":"1996-10-01T00:00:00","RequiredDate":"1996-10-29T00:00:00","ShippedDate":"1996-10-04T00:00:00","ShipVia":"2","Freight":"4.7300","ShipName":"Island Trading","ShipAddress":"Garden House Crowther Way","ShipCity":"Cowes","ShipRegion":"Isle of Wight","ShipPostalCode":"PO31 7PJ","ShipCountry":"UK"},
    {"OrderID":"10319","CustomerID":"TORTU","EmployeeID":"7","OrderDate":"1996-10-02T00:00:00","RequiredDate":"1996-10-30T00:00:00","ShippedDate":"1996-10-11T00:00:00","ShipVia":"3","Freight":"64.5000","ShipName":"Tortuga Restaurante","ShipAddress":"Avda. Azteca 123","ShipCity":"México D.F.","ShipPostalCode":"05033","ShipCountry":"Mexico"},
    {"OrderID":"10320","CustomerID":"WARTH","EmployeeID":"5","OrderDate":"1996-10-03T00:00:00","RequiredDate":"1996-10-17T00:00:00","ShippedDate":"1996-10-18T00:00:00","ShipVia":"3","Freight":"34.5700","ShipName":"Wartian Herkku","ShipAddress":"Torikatu 38","ShipCity":"Oulu","ShipPostalCode":"90110","ShipCountry":"Finland"},
    {"OrderID":"10321","CustomerID":"ISLAT","EmployeeID":"3","OrderDate":"1996-10-03T00:00:00","RequiredDate":"1996-10-31T00:00:00","ShippedDate":"1996-10-11T00:00:00","ShipVia":"2","Freight":"3.4300","ShipName":"Island Trading","ShipAddress":"Garden House Crowther Way","ShipCity":"Cowes","ShipRegion":"Isle of Wight","ShipPostalCode":"PO31 7PJ","ShipCountry":"UK"},
    {"OrderID":"10322","CustomerID":"PERIC","EmployeeID":"7","OrderDate":"1996-10-04T00:00:00","RequiredDate":"1996-11-01T00:00:00","ShippedDate":"1996-10-23T00:00:00","ShipVia":"3","Freight":"0.4000","ShipName":"Pericles Comidas clásicas","ShipAddress":"Calle Dr. Jorge Cash 321","ShipCity":"México D.F.","ShipPostalCode":"05033","ShipCountry":"Mexico"},
    {"OrderID":"10323","CustomerID":"KOENE","EmployeeID":"4","OrderDate":"1996-10-07T00:00:00","RequiredDate":"1996-11-04T00:00:00","ShippedDate":"1996-10-14T00:00:00","ShipVia":"1","Freight":"4.8800","ShipName":"Königlich Essen","ShipAddress":"Maubelstr. 90","ShipCity":"Brandenburg","ShipPostalCode":"14776","ShipCountry":"Germany"},
    {"OrderID":"10324","CustomerID":"SAVEA","EmployeeID":"9","OrderDate":"1996-10-08T00:00:00","RequiredDate":"1996-11-05T00:00:00","ShippedDate":"1996-10-10T00:00:00","ShipVia":"1","Freight":"214.2700","ShipName":"Save-a-lot Markets","ShipAddress":"187 Suffolk Ln.","ShipCity":"Boise","ShipRegion":"ID","ShipPostalCode":"83720","ShipCountry":"USA"},
    {"OrderID":"10325","CustomerID":"KOENE","EmployeeID":"1","OrderDate":"1996-10-09T00:00:00","RequiredDate":"1996-10-23T00:00:00","ShippedDate":"1996-10-14T00:00:00","ShipVia":"3","Freight":"64.8600","ShipName":"Königlich Essen","ShipAddress":"Maubelstr. 90","ShipCity":"Brandenburg","ShipPostalCode":"14776","ShipCountry":"Germany"},
    {"OrderID":"10326","CustomerID":"BOLID","EmployeeID":"4","OrderDate":"1996-10-10T00:00:00","RequiredDate":"1996-11-07T00:00:00","ShippedDate":"1996-10-14T00:00:00","ShipVia":"2","Freight":"77.9200","ShipName":"Bólido Comidas preparadas","ShipAddress":"C\/ Araquil, 67","ShipCity":"Madrid","ShipPostalCode":"28023","ShipCountry":"Spain"},
    {"OrderID":"10327","CustomerID":"FOLKO","EmployeeID":"2","OrderDate":"1996-10-11T00:00:00","RequiredDate":"1996-11-08T00:00:00","ShippedDate":"1996-10-14T00:00:00","ShipVia":"1","Freight":"63.3600","ShipName":"Folk och fä HB","ShipAddress":"Åkergatan 24","ShipCity":"Bräcke","ShipPostalCode":"S-844 67","ShipCountry":"Sweden"},
    {"OrderID":"10328","CustomerID":"FURIB","EmployeeID":"4","OrderDate":"1996-10-14T00:00:00","RequiredDate":"1996-11-11T00:00:00","ShippedDate":"1996-10-17T00:00:00","ShipVia":"3","Freight":"87.0300","ShipName":"Furia Bacalhau e Frutos do Mar","ShipAddress":"Jardim das rosas n. 32","ShipCity":"Lisboa","ShipPostalCode":"1675","ShipCountry":"Portugal"},
    {"OrderID":"10329","CustomerID":"SPLIR","EmployeeID":"4","OrderDate":"1996-10-15T00:00:00","RequiredDate":"1996-11-26T00:00:00","ShippedDate":"1996-10-23T00:00:00","ShipVia":"2","Freight":"191.6700","ShipName":"Split Rail Beer & Ale","ShipAddress":"P.O. Box 555","ShipCity":"Lander","ShipRegion":"WY","ShipPostalCode":"82520","ShipCountry":"USA"},
    {"OrderID":"10330","CustomerID":"LILAS","EmployeeID":"3","OrderDate":"1996-10-16T00:00:00","RequiredDate":"1996-11-13T00:00:00","ShippedDate":"1996-10-28T00:00:00","ShipVia":"1","Freight":"12.7500","ShipName":"LILA-Supermercado","ShipAddress":"Carrera 52 con Ave. Bolívar #65-98 Llano Largo","ShipCity":"Barquisimeto","ShipRegion":"Lara","ShipPostalCode":"3508","ShipCountry":"Venezuela"},
    {"OrderID":"10331","CustomerID":"BONAP","EmployeeID":"9","OrderDate":"1996-10-16T00:00:00","RequiredDate":"1996-11-27T00:00:00","ShippedDate":"1996-10-21T00:00:00","ShipVia":"1","Freight":"10.1900","ShipName":"Bon app'","ShipAddress":"12, rue des Bouchers","ShipCity":"Marseille","ShipPostalCode":"13008","ShipCountry":"France"},
    {"OrderID":"10332","CustomerID":"MEREP","EmployeeID":"3","OrderDate":"1996-10-17T00:00:00","RequiredDate":"1996-11-28T00:00:00","ShippedDate":"1996-10-21T00:00:00","ShipVia":"2","Freight":"52.8400","ShipName":"Mère Paillarde","ShipAddress":"43 rue St. Laurent","ShipCity":"Montréal","ShipRegion":"Québec","ShipPostalCode":"H1J 1C3","ShipCountry":"Canada"},
    {"OrderID":"10333","CustomerID":"WARTH","EmployeeID":"5","OrderDate":"1996-10-18T00:00:00","RequiredDate":"1996-11-15T00:00:00","ShippedDate":"1996-10-25T00:00:00","ShipVia":"3","Freight":"0.5900","ShipName":"Wartian Herkku","ShipAddress":"Torikatu 38","ShipCity":"Oulu","ShipPostalCode":"90110","ShipCountry":"Finland"},
    {"OrderID":"10334","CustomerID":"VICTE","EmployeeID":"8","OrderDate":"1996-10-21T00:00:00","RequiredDate":"1996-11-18T00:00:00","ShippedDate":"1996-10-28T00:00:00","ShipVia":"2","Freight":"8.5600","ShipName":"Victuailles en stock","ShipAddress":"2, rue du Commerce","ShipCity":"Lyon","ShipPostalCode":"69004","ShipCountry":"France"},
    {"OrderID":"10335","CustomerID":"HUNGO","EmployeeID":"7","OrderDate":"1996-10-22T00:00:00","RequiredDate":"1996-11-19T00:00:00","ShippedDate":"1996-10-24T00:00:00","ShipVia":"2","Freight":"42.1100","ShipName":"Hungry Owl All-Night Grocers","ShipAddress":"8 Johnstown Road","ShipCity":"Cork","ShipRegion":"Co. Cork","ShipCountry":"Ireland"},
    {"OrderID":"10336","CustomerID":"PRINI","EmployeeID":"7","OrderDate":"1996-10-23T00:00:00","RequiredDate":"1996-11-20T00:00:00","ShippedDate":"1996-10-25T00:00:00","ShipVia":"2","Freight":"15.5100","ShipName":"Princesa Isabel Vinhos","ShipAddress":"Estrada da saúde n. 58","ShipCity":"Lisboa","ShipPostalCode":"1756","ShipCountry":"Portugal"},
    {"OrderID":"10337","CustomerID":"FRANK","EmployeeID":"4","OrderDate":"1996-10-24T00:00:00","RequiredDate":"1996-11-21T00:00:00","ShippedDate":"1996-10-29T00:00:00","ShipVia":"3","Freight":"108.2600","ShipName":"Frankenversand","ShipAddress":"Berliner Platz 43","ShipCity":"München","ShipPostalCode":"80805","ShipCountry":"Germany"},
    {"OrderID":"10338","CustomerID":"OLDWO","EmployeeID":"4","OrderDate":"1996-10-25T00:00:00","RequiredDate":"1996-11-22T00:00:00","ShippedDate":"1996-10-29T00:00:00","ShipVia":"3","Freight":"84.2100","ShipName":"Old World Delicatessen","ShipAddress":"2743 Bering St.","ShipCity":"Anchorage","ShipRegion":"AK","ShipPostalCode":"99508","ShipCountry":"USA"},
    {"OrderID":"10339","CustomerID":"MEREP","EmployeeID":"2","OrderDate":"1996-10-28T00:00:00","RequiredDate":"1996-11-25T00:00:00","ShippedDate":"1996-11-04T00:00:00","ShipVia":"2","Freight":"15.6600","ShipName":"Mère Paillarde","ShipAddress":"43 rue St. Laurent","ShipCity":"Montréal","ShipRegion":"Québec","ShipPostalCode":"H1J 1C3","ShipCountry":"Canada"},
    {"OrderID":"10340","CustomerID":"BONAP","EmployeeID":"1","OrderDate":"1996-10-29T00:00:00","RequiredDate":"1996-11-26T00:00:00","ShippedDate":"1996-11-08T00:00:00","ShipVia":"3","Freight":"166.3100","ShipName":"Bon app'","ShipAddress":"12, rue des Bouchers","ShipCity":"Marseille","ShipPostalCode":"13008","ShipCountry":"France"},
    {"OrderID":"10341","CustomerID":"SIMOB","EmployeeID":"7","OrderDate":"1996-10-29T00:00:00","RequiredDate":"1996-11-26T00:00:00","ShippedDate":"1996-11-05T00:00:00","ShipVia":"3","Freight":"26.7800","ShipName":"Simons bistro","ShipAddress":"Vinbæltet 34","ShipCity":"Kobenhavn","ShipPostalCode":"1734","ShipCountry":"Denmark"},
    {"OrderID":"10342","CustomerID":"FRANK","EmployeeID":"4","OrderDate":"1996-10-30T00:00:00","RequiredDate":"1996-11-13T00:00:00","ShippedDate":"1996-11-04T00:00:00","ShipVia":"2","Freight":"54.8300","ShipName":"Frankenversand","ShipAddress":"Berliner Platz 43","ShipCity":"München","ShipPostalCode":"80805","ShipCountry":"Germany"},
    {"OrderID":"10343","CustomerID":"LEHMS","EmployeeID":"4","OrderDate":"1996-10-31T00:00:00","RequiredDate":"1996-11-28T00:00:00","ShippedDate":"1996-11-06T00:00:00","ShipVia":"1","Freight":"110.3700","ShipName":"Lehmanns Marktstand","ShipAddress":"Magazinweg 7","ShipCity":"Frankfurt a.M.","ShipPostalCode":"60528","ShipCountry":"Germany"},
    {"OrderID":"10344","CustomerID":"WHITC","EmployeeID":"4","OrderDate":"1996-11-01T00:00:00","RequiredDate":"1996-11-29T00:00:00","ShippedDate":"1996-11-05T00:00:00","ShipVia":"2","Freight":"23.2900","ShipName":"White Clover Markets","ShipAddress":"1029 - 12th Ave. S.","ShipCity":"Seattle","ShipRegion":"WA","ShipPostalCode":"98124","ShipCountry":"USA"},
    {"OrderID":"10345","CustomerID":"QUICK","EmployeeID":"2","OrderDate":"1996-11-04T00:00:00","RequiredDate":"1996-12-02T00:00:00","ShippedDate":"1996-11-11T00:00:00","ShipVia":"2","Freight":"249.0600","ShipName":"QUICK-Stop","ShipAddress":"Taucherstraße 10","ShipCity":"Cunewalde","ShipPostalCode":"01307","ShipCountry":"Germany"},
    {"OrderID":"10346","CustomerID":"RATTC","EmployeeID":"3","OrderDate":"1996-11-05T00:00:00","RequiredDate":"1996-12-17T00:00:00","ShippedDate":"1996-11-08T00:00:00","ShipVia":"3","Freight":"142.0800","ShipName":"Rattlesnake Canyon Grocery","ShipAddress":"2817 Milton Dr.","ShipCity":"Albuquerque","ShipRegion":"NM","ShipPostalCode":"87110","ShipCountry":"USA"},
    {"OrderID":"10347","CustomerID":"FAMIA","EmployeeID":"4","OrderDate":"1996-11-06T00:00:00","RequiredDate":"1996-12-04T00:00:00","ShippedDate":"1996-11-08T00:00:00","ShipVia":"3","Freight":"3.1000","ShipName":"Familia Arquibaldo","ShipAddress":"Rua Orós, 92","ShipCity":"Sao Paulo","ShipRegion":"SP","ShipPostalCode":"05442-030","ShipCountry":"Brazil"},
    {"OrderID":"10348","CustomerID":"WANDK","EmployeeID":"4","OrderDate":"1996-11-07T00:00:00","RequiredDate":"1996-12-05T00:00:00","ShippedDate":"1996-11-15T00:00:00","ShipVia":"2","Freight":"0.7800","ShipName":"Die Wandernde Kuh","ShipAddress":"Adenauerallee 900","ShipCity":"Stuttgart","ShipPostalCode":"70563","ShipCountry":"Germany"},
    {"OrderID":"10349","CustomerID":"SPLIR","EmployeeID":"7","OrderDate":"1996-11-08T00:00:00","RequiredDate":"1996-12-06T00:00:00","ShippedDate":"1996-11-15T00:00:00","ShipVia":"1","Freight":"8.6300","ShipName":"Split Rail Beer & Ale","ShipAddress":"P.O. Box 555","ShipCity":"Lander","ShipRegion":"WY","ShipPostalCode":"82520","ShipCountry":"USA"},
    {"OrderID":"10350","CustomerID":"LAMAI","EmployeeID":"6","OrderDate":"1996-11-11T00:00:00","RequiredDate":"1996-12-09T00:00:00","ShippedDate":"1996-12-03T00:00:00","ShipVia":"2","Freight":"64.1900","ShipName":"La maison d'Asie","ShipAddress":"1 rue Alsace-Lorraine","ShipCity":"Toulouse","ShipPostalCode":"31000","ShipCountry":"France"},
    {"OrderID":"10351","CustomerID":"ERNSH","EmployeeID":"1","OrderDate":"1996-11-11T00:00:00","RequiredDate":"1996-12-09T00:00:00","ShippedDate":"1996-11-20T00:00:00","ShipVia":"1","Freight":"162.3300","ShipName":"Ernst Handel","ShipAddress":"Kirchgasse 6","ShipCity":"Graz","ShipPostalCode":"8010","ShipCountry":"Austria"},
    {"OrderID":"10352","CustomerID":"FURIB","EmployeeID":"3","OrderDate":"1996-11-12T00:00:00","RequiredDate":"1996-11-26T00:00:00","ShippedDate":"1996-11-18T00:00:00","ShipVia":"3","Freight":"1.3000","ShipName":"Furia Bacalhau e Frutos do Mar","ShipAddress":"Jardim das rosas n. 32","ShipCity":"Lisboa","ShipPostalCode":"1675","ShipCountry":"Portugal"},
    {"OrderID":"10353","CustomerID":"PICCO","EmployeeID":"7","OrderDate":"1996-11-13T00:00:00","RequiredDate":"1996-12-11T00:00:00","ShippedDate":"1996-11-25T00:00:00","ShipVia":"3","Freight":"360.6300","ShipName":"Piccolo und mehr","ShipAddress":"Geislweg 14","ShipCity":"Salzburg","ShipPostalCode":"5020","ShipCountry":"Austria"},
    {"OrderID":"10354","CustomerID":"PERIC","EmployeeID":"8","OrderDate":"1996-11-14T00:00:00","RequiredDate":"1996-12-12T00:00:00","ShippedDate":"1996-11-20T00:00:00","ShipVia":"3","Freight":"53.8000","ShipName":"Pericles Comidas clásicas","ShipAddress":"Calle Dr. Jorge Cash 321","ShipCity":"México D.F.","ShipPostalCode":"05033","ShipCountry":"Mexico"},
    {"OrderID":"10355","CustomerID":"AROUT","EmployeeID":"6","OrderDate":"1996-11-15T00:00:00","RequiredDate":"1996-12-13T00:00:00","ShippedDate":"1996-11-20T00:00:00","ShipVia":"1","Freight":"41.9500","ShipName":"Around the Horn","ShipAddress":"Brook Farm Stratford St. Mary","ShipCity":"Colchester","ShipRegion":"Essex","ShipPostalCode":"CO7 6JX","ShipCountry":"UK"},
    {"OrderID":"10356","CustomerID":"WANDK","EmployeeID":"6","OrderDate":"1996-11-18T00:00:00","RequiredDate":"1996-12-16T00:00:00","ShippedDate":"1996-11-27T00:00:00","ShipVia":"2","Freight":"36.7100","ShipName":"Die Wandernde Kuh","ShipAddress":"Adenauerallee 900","ShipCity":"Stuttgart","ShipPostalCode":"70563","ShipCountry":"Germany"},
    {"OrderID":"10357","CustomerID":"LILAS","EmployeeID":"1","OrderDate":"1996-11-19T00:00:00","RequiredDate":"1996-12-17T00:00:00","ShippedDate":"1996-12-02T00:00:00","ShipVia":"3","Freight":"34.8800","ShipName":"LILA-Supermercado","ShipAddress":"Carrera 52 con Ave. Bolívar #65-98 Llano Largo","ShipCity":"Barquisimeto","ShipRegion":"Lara","ShipPostalCode":"3508","ShipCountry":"Venezuela"},
    {"OrderID":"10358","CustomerID":"LAMAI","EmployeeID":"5","OrderDate":"1996-11-20T00:00:00","RequiredDate":"1996-12-18T00:00:00","ShippedDate":"1996-11-27T00:00:00","ShipVia":"1","Freight":"19.6400","ShipName":"La maison d'Asie","ShipAddress":"1 rue Alsace-Lorraine","ShipCity":"Toulouse","ShipPostalCode":"31000","ShipCountry":"France"},
    {"OrderID":"10359","CustomerID":"SEVES","EmployeeID":"5","OrderDate":"1996-11-21T00:00:00","RequiredDate":"1996-12-19T00:00:00","ShippedDate":"1996-11-26T00:00:00","ShipVia":"3","Freight":"288.4300","ShipName":"Seven Seas Imports","ShipAddress":"90 Wadhurst Rd.","ShipCity":"London","ShipPostalCode":"OX15 4NB","ShipCountry":"UK"},
    {"OrderID":"10360","CustomerID":"BLONP","EmployeeID":"4","OrderDate":"1996-11-22T00:00:00","RequiredDate":"1996-12-20T00:00:00","ShippedDate":"1996-12-02T00:00:00","ShipVia":"3","Freight":"131.7000","ShipName":"Blondel père et fils","ShipAddress":"24, place Kléber","ShipCity":"Strasbourg","ShipPostalCode":"67000","ShipCountry":"France"},
    {"OrderID":"10361","CustomerID":"QUICK","EmployeeID":"1","OrderDate":"1996-11-22T00:00:00","RequiredDate":"1996-12-20T00:00:00","ShippedDate":"1996-12-03T00:00:00","ShipVia":"2","Freight":"183.1700","ShipName":"QUICK-Stop","ShipAddress":"Taucherstraße 10","ShipCity":"Cunewalde","ShipPostalCode":"01307","ShipCountry":"Germany"},
    {"OrderID":"10362","CustomerID":"BONAP","EmployeeID":"3","OrderDate":"1996-11-25T00:00:00","RequiredDate":"1996-12-23T00:00:00","ShippedDate":"1996-11-28T00:00:00","ShipVia":"1","Freight":"96.0400","ShipName":"Bon app'","ShipAddress":"12, rue des Bouchers","ShipCity":"Marseille","ShipPostalCode":"13008","ShipCountry":"France"},
    {"OrderID":"10363","CustomerID":"DRACD","EmployeeID":"4","OrderDate":"1996-11-26T00:00:00","RequiredDate":"1996-12-24T00:00:00","ShippedDate":"1996-12-04T00:00:00","ShipVia":"3","Freight":"30.5400","ShipName":"Drachenblut Delikatessen","ShipAddress":"Walserweg 21","ShipCity":"Aachen","ShipPostalCode":"52066","ShipCountry":"Germany"},
    {"OrderID":"10364","CustomerID":"EASTC","EmployeeID":"1","OrderDate":"1996-11-26T00:00:00","RequiredDate":"1997-01-07T00:00:00","ShippedDate":"1996-12-04T00:00:00","ShipVia":"1","Freight":"71.9700","ShipName":"Eastern Connection","ShipAddress":"35 King George","ShipCity":"London","ShipPostalCode":"WX3 6FW","ShipCountry":"UK"},
    {"OrderID":"10365","CustomerID":"ANTON","EmployeeID":"3","OrderDate":"1996-11-27T00:00:00","RequiredDate":"1996-12-25T00:00:00","ShippedDate":"1996-12-02T00:00:00","ShipVia":"2","Freight":"22.0000","ShipName":"Antonio Moreno Taquería","ShipAddress":"Mataderos  2312","ShipCity":"México D.F.","ShipPostalCode":"05023","ShipCountry":"Mexico"},
    {"OrderID":"10366","CustomerID":"GALED","EmployeeID":"8","OrderDate":"1996-11-28T00:00:00","RequiredDate":"1997-01-09T00:00:00","ShippedDate":"1996-12-30T00:00:00","ShipVia":"2","Freight":"10.1400","ShipName":"Galería del gastronómo","ShipAddress":"Rambla de Cataluña, 23","ShipCity":"Barcelona","ShipPostalCode":"8022","ShipCountry":"Spain"},
    {"OrderID":"10367","CustomerID":"VAFFE","EmployeeID":"7","OrderDate":"1996-11-28T00:00:00","RequiredDate":"1996-12-26T00:00:00","ShippedDate":"1996-12-02T00:00:00","ShipVia":"3","Freight":"13.5500","ShipName":"Vaffeljernet","ShipAddress":"Smagsloget 45","ShipCity":"Århus","ShipPostalCode":"8200","ShipCountry":"Denmark"},
    {"OrderID":"10368","CustomerID":"ERNSH","EmployeeID":"2","OrderDate":"1996-11-29T00:00:00","RequiredDate":"1996-12-27T00:00:00","ShippedDate":"1996-12-02T00:00:00","ShipVia":"2","Freight":"101.9500","ShipName":"Ernst Handel","ShipAddress":"Kirchgasse 6","ShipCity":"Graz","ShipPostalCode":"8010","ShipCountry":"Austria"},
    {"OrderID":"10369","CustomerID":"SPLIR","EmployeeID":"8","OrderDate":"1996-12-02T00:00:00","RequiredDate":"1996-12-30T00:00:00","ShippedDate":"1996-12-09T00:00:00","ShipVia":"2","Freight":"195.6800","ShipName":"Split Rail Beer & Ale","ShipAddress":"P.O. Box 555","ShipCity":"Lander","ShipRegion":"WY","ShipPostalCode":"82520","ShipCountry":"USA"},
    {"OrderID":"10370","CustomerID":"CHOPS","EmployeeID":"6","OrderDate":"1996-12-03T00:00:00","RequiredDate":"1996-12-31T00:00:00","ShippedDate":"1996-12-27T00:00:00","ShipVia":"2","Freight":"1.1700","ShipName":"Chop-suey Chinese","ShipAddress":"Hauptstr. 31","ShipCity":"Bern","ShipPostalCode":"3012","ShipCountry":"Switzerland"},
    {"OrderID":"10371","CustomerID":"LAMAI","EmployeeID":"1","OrderDate":"1996-12-03T00:00:00","RequiredDate":"1996-12-31T00:00:00","ShippedDate":"1996-12-24T00:00:00","ShipVia":"1","Freight":"0.4500","ShipName":"La maison d'Asie","ShipAddress":"1 rue Alsace-Lorraine","ShipCity":"Toulouse","ShipPostalCode":"31000","ShipCountry":"France"},
    {"OrderID":"10372","CustomerID":"QUEEN","EmployeeID":"5","OrderDate":"1996-12-04T00:00:00","RequiredDate":"1997-01-01T00:00:00","ShippedDate":"1996-12-09T00:00:00","ShipVia":"2","Freight":"890.7800","ShipName":"Queen Cozinha","ShipAddress":"Alameda dos Canàrios, 891","ShipCity":"Sao Paulo","ShipRegion":"SP","ShipPostalCode":"05487-020","ShipCountry":"Brazil"}
]