[
    {"OrderID":"10248","ProductID":"11","UnitPrice":"14.0000","Quantity":"12","Discount":"0.0000000e+000"},
    {"OrderID":"10248","ProductID":"42","UnitPrice":"9.8000","Quantity":"10","Discount":"0.0000000e+000"},
    {"OrderID":"10248","ProductID":"72","UnitPrice":"34.8000","Quantity":"5","Discount":"0.0000000e+000"},
    {"OrderID":"10249","ProductID":"14","UnitPrice":"18.6000","Quantity":"9","Discount":"0.0000000e+000"},
    {"OrderID":"10249","ProductID":"51","UnitPrice":"42.4000","Quantity":"40","Discount":"0.0000000e+000"},
    {"OrderID":"10250","ProductID":"41","UnitPrice":"7.7000","Quantity":"10","Discount":"0.0000000e+000"},
    {"OrderID":"10250","ProductID":"51","UnitPrice":"42.4000","Quantity":"35","Discount":"1.5000001e-001"},
    {"OrderID":"10250","ProductID":"65","UnitPrice":"16.8000","Quantity":"15","Discount":"1.5000001e-001"},
    {"OrderID":"10251","ProductID":"22","UnitPrice":"16.8000","Quantity":"6","Discount":"5.0000001e-002"},
    {"OrderID":"10251","ProductID":"57","UnitPrice":"15.6000","Quantity":"15","Discount":"5.0000001e-002"},
    {"OrderID":"10251","ProductID":"65","UnitPrice":"16.8000","Quantity":"20","Discount":"0.0000000e+000"},
    {"OrderID":"10252","ProductID":"20","UnitPrice":"64.8000","Quantity":"40","Discount":"5.0000001e-002"},
    {"OrderID":"10252","ProductID":"33","UnitPrice":"2.0000","Quantity":"25","Discount":"5.0000001e-002"},
    {"OrderID":"10252","ProductID":"60","UnitPrice":"27.2000","Quantity":"40","Discount":"0.0000000e+000"},
    {"OrderID":"10253","ProductID":"31","UnitPrice":"10.0000","Quantity":"20","Discount":"0.0000000e+000"},
    {"OrderID":"10253","ProductID":"39","UnitPrice":"14.4000","Quantity":"42","Discount":"0.0000000e+000"},
    {"OrderID":"10253","ProductID":"49","UnitPrice":"16.0000","Quantity":"40","Discount":"0.0000000e+000"},
    {"OrderID":"10254","ProductID":"24","UnitPrice":"3.6000","Quantity":"15","Discount":"1.5000001e-001"},
    {"OrderID":"10254","ProductID":"55","UnitPrice":"19.2000","Quantity":"21","Discount":"1.5000001e-001"},
    {"OrderID":"10254","ProductID":"74","UnitPrice":"8.0000","Quantity":"21","Discount":"0.0000000e+000"},
    {"OrderID":"10255","ProductID":"2","UnitPrice":"15.2000","Quantity":"20","Discount":"0.0000000e+000"},
    {"OrderID":"10255","ProductID":"16","UnitPrice":"13.9000","Quantity":"35","Discount":"0.0000000e+000"},
    {"OrderID":"10255","ProductID":"36","UnitPrice":"15.2000","Quantity":"25","Discount":"0.0000000e+000"},
    {"OrderID":"10255","ProductID":"59","UnitPrice":"44.0000","Quantity":"30","Discount":"0.0000000e+000"},
    {"OrderID":"10256","ProductID":"53","UnitPrice":"26.2000","Quantity":"15","Discount":"0.0000000e+000"},
    {"OrderID":"10256","ProductID":"77","UnitPrice":"10.4000","Quantity":"12","Discount":"0.0000000e+000"},
    {"OrderID":"10257","ProductID":"27","UnitPrice":"35.1000","Quantity":"25","Discount":"0.0000000e+000"},
    {"OrderID":"10257","ProductID":"39","UnitPrice":"14.4000","Quantity":"6","Discount":"0.0000000e+000"},
    {"OrderID":"10257","ProductID":"77","UnitPrice":"10.4000","Quantity":"15","Discount":"0.0000000e+000"},
    {"OrderID":"10258","ProductID":"2","UnitPrice":"15.2000","Quantity":"50","Discount":"2.0000000e-001"},
    {"OrderID":"10258","ProductID":"5","UnitPrice":"17.0000","Quantity":"65","Discount":"2.0000000e-001"},
    {"OrderID":"10258","ProductID":"32","UnitPrice":"25.6000","Quantity":"6","Discount":"2.0000000e-001"},
    {"OrderID":"10259","ProductID":"21","UnitPrice":"8.0000","Quantity":"10","Discount":"0.0000000e+000"},
    {"OrderID":"10259","ProductID":"37","UnitPrice":"20.8000","Quantity":"1","Discount":"0.0000000e+000"},
    {"OrderID":"10260","ProductID":"41","UnitPrice":"7.7000","Quantity":"16","Discount":"2.5000000e-001"},
    {"OrderID":"10260","ProductID":"57","UnitPrice":"15.6000","Quantity":"50","Discount":"0.0000000e+000"},
    {"OrderID":"10260","ProductID":"62","UnitPrice":"39.4000","Quantity":"15","Discount":"2.5000000e-001"},
    {"OrderID":"10260","ProductID":"70","UnitPrice":"12.0000","Quantity":"21","Discount":"2.5000000e-001"},
    {"OrderID":"10261","ProductID":"21","UnitPrice":"8.0000","Quantity":"20","Discount":"0.0000000e+000"},
    {"OrderID":"10261","ProductID":"35","UnitPrice":"14.4000","Quantity":"20","Discount":"0.0000000e+000"},
    {"OrderID":"10262","ProductID":"5","UnitPrice":"17.0000","Quantity":"12","Discount":"2.0000000e-001"},
    {"OrderID":"10262","ProductID":"7","UnitPrice":"24.0000","Quantity":"15","Discount":"0.0000000e+000"},
    {"OrderID":"10262","ProductID":"56","UnitPrice":"30.4000","Quantity":"2","Discount":"0.0000000e+000"},
    {"OrderID":"10263","ProductID":"16","UnitPrice":"13.9000","Quantity":"60","Discount":"2.5000000e-001"},
    {"OrderID":"10263","ProductID":"24","UnitPrice":"3.6000","Quantity":"28","Discount":"0.0000000e+000"},
    {"OrderID":"10263","ProductID":"30","UnitPrice":"20.7000","Quantity":"60","Discount":"2.5000000e-001"},
    {"OrderID":"10263","ProductID":"74","UnitPrice":"8.0000","Quantity":"36","Discount":"2.5000000e-001"},
    {"OrderID":"10264","ProductID":"2","UnitPrice":"15.2000","Quantity":"35","Discount":"0.0000000e+000"},
    {"OrderID":"10264","ProductID":"41","UnitPrice":"7.7000","Quantity":"25","Discount":"1.5000001e-001"},
    {"OrderID":"10265","ProductID":"17","UnitPrice":"31.2000","Quantity":"30","Discount":"0.0000000e+000"},
    {"OrderID":"10265","ProductID":"70","UnitPrice":"12.0000","Quantity":"20","Discount":"0.0000000e+000"},
    {"OrderID":"10266","ProductID":"12","UnitPrice":"30.4000","Quantity":"12","Discount":"5.0000001e-002"},
    {"OrderID":"10267","ProductID":"40","UnitPrice":"14.7000","Quantity":"50","Discount":"0.0000000e+000"},
    {"OrderID":"10267","ProductID":"59","UnitPrice":"44.0000","Quantity":"70","Discount":"1.5000001e-001"},
    {"OrderID":"10267","ProductID":"76","UnitPrice":"14.4000","Quantity":"15","Discount":"1.5000001e-001"},
    {"OrderID":"10268","ProductID":"29","UnitPrice":"99.0000","Quantity":"10","Discount":"0.0000000e+000"},
    {"OrderID":"10268","ProductID":"72","UnitPrice":"27.8000","Quantity":"4","Discount":"0.0000000e+000"},
    {"OrderID":"10269","ProductID":"33","UnitPrice":"2.0000","Quantity":"60","Discount":"5.0000001e-002"},
    {"OrderID":"10269","ProductID":"72","UnitPrice":"27.8000","Quantity":"20","Discount":"5.0000001e-002"},
    {"OrderID":"10270","ProductID":"36","UnitPrice":"15.2000","Quantity":"30","Discount":"0.0000000e+000"},
    {"OrderID":"10270","ProductID":"43","UnitPrice":"36.8000","Quantity":"25","Discount":"0.0000000e+000"},
    {"OrderID":"10271","ProductID":"33","UnitPrice":"2.0000","Quantity":"24","Discount":"0.0000000e+000"},
    {"OrderID":"10272","ProductID":"20","UnitPrice":"64.8000","Quantity":"6","Discount":"0.0000000e+000"},
    {"OrderID":"10272","ProductID":"31","UnitPrice":"10.0000","Quantity":"40","Discount":"0.0000000e+000"},
    {"OrderID":"10272","ProductID":"72","UnitPrice":"27.8000","Quantity":"24","Discount":"0.0000000e+000"},
    {"OrderID":"10273","ProductID":"10","UnitPrice":"24.8000","Quantity":"24","Discount":"5.0000001e-002"},
    {"OrderID":"10273","ProductID":"31","UnitPrice":"10.0000","Quantity":"15","Discount":"5.0000001e-002"},
    {"OrderID":"10273","ProductID":"33","UnitPrice":"2.0000","Quantity":"20","Discount":"0.0000000e+000"},
    {"OrderID":"10273","ProductID":"40","UnitPrice":"14.7000","Quantity":"60","Discount":"5.0000001e-002"},
    {"OrderID":"10273","ProductID":"76","UnitPrice":"14.4000","Quantity":"33","Discount":"5.0000001e-002"},
    {"OrderID":"10274","ProductID":"71","UnitPrice":"17.2000","Quantity":"20","Discount":"0.0000000e+000"},
    {"OrderID":"10274","ProductID":"72","UnitPrice":"27.8000","Quantity":"7","Discount":"0.0000000e+000"},
    {"OrderID":"10275","ProductID":"24","UnitPrice":"3.6000","Quantity":"12","Discount":"5.0000001e-002"},
    {"OrderID":"10275","ProductID":"59","UnitPrice":"44.0000","Quantity":"6","Discount":"5.0000001e-002"},
    {"OrderID":"10276","ProductID":"10","UnitPrice":"24.8000","Quantity":"15","Discount":"0.0000000e+000"},
    {"OrderID":"10276","ProductID":"13","UnitPrice":"4.8000","Quantity":"10","Discount":"0.0000000e+000"},
    {"OrderID":"10277","ProductID":"28","UnitPrice":"36.4000","Quantity":"20","Discount":"0.0000000e+000"},
    {"OrderID":"10277","ProductID":"62","UnitPrice":"39.4000","Quantity":"12","Discount":"0.0000000e+000"},
    {"OrderID":"10278","ProductID":"44","UnitPrice":"15.5000","Quantity":"16","Discount":"0.0000000e+000"},
    {"OrderID":"10278","ProductID":"59","UnitPrice":"44.0000","Quantity":"15","Discount":"0.0000000e+000"},
    {"OrderID":"10278","ProductID":"63","UnitPrice":"35.1000","Quantity":"8","Discount":"0.0000000e+000"},
    {"OrderID":"10278","ProductID":"73","UnitPrice":"12.0000","Quantity":"25","Discount":"0.0000000e+000"},
    {"OrderID":"10279","ProductID":"17","UnitPrice":"31.2000","Quantity":"15","Discount":"2.5000000e-001"},
    {"OrderID":"10280","ProductID":"24","UnitPrice":"3.6000","Quantity":"12","Discount":"0.0000000e+000"},
    {"OrderID":"10280","ProductID":"55","UnitPrice":"19.2000","Quantity":"20","Discount":"0.0000000e+000"},
    {"OrderID":"10280","ProductID":"75","UnitPrice":"6.2000","Quantity":"30","Discount":"0.0000000e+000"},
    {"OrderID":"10281","ProductID":"19","UnitPrice":"7.3000","Quantity":"1","Discount":"0.0000000e+000"},
    {"OrderID":"10281","ProductID":"24","UnitPrice":"3.6000","Quantity":"6","Discount":"0.0000000e+000"},
    {"OrderID":"10281","ProductID":"35","UnitPrice":"14.4000","Quantity":"4","Discount":"0.0000000e+000"},
    {"OrderID":"10282","ProductID":"30","UnitPrice":"20.7000","Quantity":"6","Discount":"0.0000000e+000"},
    {"OrderID":"10282","ProductID":"57","UnitPrice":"15.6000","Quantity":"2","Discount":"0.0000000e+000"},
    {"OrderID":"10283","ProductID":"15","UnitPrice":"12.4000","Quantity":"20","Discount":"0.0000000e+000"},
    {"OrderID":"10283","ProductID":"19","UnitPrice":"7.3000","Quantity":"18","Discount":"0.0000000e+000"},
    {"OrderID":"10283","ProductID":"60","UnitPrice":"27.2000","Quantity":"35","Discount":"0.0000000e+000"},
    {"OrderID":"10283","ProductID":"72","UnitPrice":"27.8000","Quantity":"3","Discount":"0.0000000e+000"},
    {"OrderID":"10284","ProductID":"27","UnitPrice":"35.1000","Quantity":"15","Discount":"2.5000000e-001"},
    {"OrderID":"10284","ProductID":"44","UnitPrice":"15.5000","Quantity":"21","Discount":"0.0000000e+000"},
    {"OrderID":"10284","ProductID":"60","UnitPrice":"27.2000","Quantity":"20","Discount":"2.5000000e-001"},
    {"OrderID":"10284","ProductID":"67","UnitPrice":"11.2000","Quantity":"5","Discount":"2.5000000e-001"},
    {"OrderID":"10285","ProductID":"1","UnitPrice":"14.4000","Quantity":"45","Discount":"2.0000000e-001"},
    {"OrderID":"10285","ProductID":"40","UnitPrice":"14.7000","Quantity":"40","Discount":"2.0000000e-001"},
    {"OrderID":"10285","ProductID":"53","UnitPrice":"26.2000","Quantity":"36","Discount":"2.0000000e-001"},
    {"OrderID":"10286","ProductID":"35","UnitPrice":"14.4000","Quantity":"100","Discount":"0.0000000e+000"},
    {"OrderID":"10286","ProductID":"62","UnitPrice":"39.4000","Quantity":"40","Discount":"0.0000000e+000"},
    {"OrderID":"10287","ProductID":"16","UnitPrice":"13.9000","Quantity":"40","Discount":"1.5000001e-001"},
    {"OrderID":"10287","ProductID":"34","UnitPrice":"11.2000","Quantity":"20","Discount":"0.0000000e+000"},
    {"OrderID":"10287","ProductID":"46","UnitPrice":"9.6000","Quantity":"15","Discount":"1.5000001e-001"},
    {"OrderID":"10288","ProductID":"54","UnitPrice":"5.9000","Quantity":"10","Discount":"1.0000000e-001"},
    {"OrderID":"10288","ProductID":"68","UnitPrice":"10.0000","Quantity":"3","Discount":"1.0000000e-001"},
    {"OrderID":"10289","ProductID":"3","UnitPrice":"8.0000","Quantity":"30","Discount":"0.0000000e+000"},
    {"OrderID":"10289","ProductID":"64","UnitPrice":"26.6000","Quantity":"9","Discount":"0.0000000e+000"},
    {"OrderID":"10290","ProductID":"5","UnitPrice":"17.0000","Quantity":"20","Discount":"0.0000000e+000"},
    {"OrderID":"10290","ProductID":"29","UnitPrice":"99.0000","Quantity":"15","Discount":"0.0000000e+000"},
    {"OrderID":"10290","ProductID":"49","UnitPrice":"16.0000","Quantity":"15","Discount":"0.0000000e+000"},
    {"OrderID":"10290","ProductID":"77","UnitPrice":"10.4000","Quantity":"10","Discount":"0.0000000e+000"},
    {"OrderID":"10291","ProductID":"13","UnitPrice":"4.8000","Quantity":"20","Discount":"1.0000000e-001"},
    {"OrderID":"10291","ProductID":"44","UnitPrice":"15.5000","Quantity":"24","Discount":"1.0000000e-001"},
    {"OrderID":"10291","ProductID":"51","UnitPrice":"42.4000","Quantity":"2","Discount":"1.0000000e-001"},
    {"OrderID":"10292","ProductID":"20","UnitPrice":"64.8000","Quantity":"20","Discount":"0.0000000e+000"},
    {"OrderID":"10293","ProductID":"18","UnitPrice":"50.0000","Quantity":"12","Discount":"0.0000000e+000"},
    {"OrderID":"10293","ProductID":"24","UnitPrice":"3.6000","Quantity":"10","Discount":"0.0000000e+000"},
    {"OrderID":"10293","ProductID":"63","UnitPrice":"35.1000","Quantity":"5","Discount":"0.0000000e+000"},
    {"OrderID":"10293","ProductID":"75","UnitPrice":"6.2000","Quantity":"6","Discount":"0.0000000e+000"},
    {"OrderID":"10294","ProductID":"1","UnitPrice":"14.4000","Quantity":"18","Discount":"0.0000000e+000"},
    {"OrderID":"10294","ProductID":"17","UnitPrice":"31.2000","Quantity":"15","Discount":"0.0000000e+000"},
    {"OrderID":"10294","ProductID":"43","UnitPrice":"36.8000","Quantity":"15","Discount":"0.0000000e+000"},
    {"OrderID":"10294","ProductID":"60","UnitPrice":"27.2000","Quantity":"21","Discount":"0.0000000e+000"},
    {"OrderID":"10294","ProductID":"75","UnitPrice":"6.2000","Quantity":"6","Discount":"0.0000000e+000"},
    {"OrderID":"10295","ProductID":"56","UnitPrice":"30.4000","Quantity":"4","Discount":"0.0000000e+000"},
    {"OrderID":"10296","ProductID":"11","UnitPrice":"16.8000","Quantity":"12","Discount":"0.0000000e+000"},
    {"OrderID":"10296","ProductID":"16","UnitPrice":"13.9000","Quantity":"30","Discount":"0.0000000e+000"},
    {"OrderID":"10296","ProductID":"69","UnitPrice":"28.8000","Quantity":"15","Discount":"0.0000000e+000"},
    {"OrderID":"10297","ProductID":"39","UnitPrice":"14.4000","Quantity":"60","Discount":"0.0000000e+000"},
    {"OrderID":"10297","ProductID":"72","UnitPrice":"27.8000","Quantity":"20","Discount":"0.0000000e+000"},
    {"OrderID":"10298","ProductID":"2","UnitPrice":"15.2000","Quantity":"40","Discount":"0.0000000e+000"},
    {"OrderID":"10298","ProductID":"36","UnitPrice":"15.2000","Quantity":"40","Discount":"2.5000000e-001"},
    {"OrderID":"10298","ProductID":"59","UnitPrice":"44.0000","Quantity":"30","Discount":"2.5000000e-001"},
    {"OrderID":"10298","ProductID":"62","UnitPrice":"39.4000","Quantity":"15","Discount":"0.0000000e+000"},
    {"OrderID":"10299","ProductID":"19","UnitPrice":"7.3000","Quantity":"15","Discount":"0.0000000e+000"},
    {"OrderID":"10299","ProductID":"70","UnitPrice":"12.0000","Quantity":"20","Discount":"0.0000000e+000"},
    {"OrderID":"10300","ProductID":"66","UnitPrice":"13.6000","Quantity":"30","Discount":"0.0000000e+000"},
    {"OrderID":"10300","ProductID":"68","UnitPrice":"10.0000","Quantity":"20","Discount":"0.0000000e+000"},
    {"OrderID":"10301","ProductID":"40","UnitPrice":"14.7000","Quantity":"10","Discount":"0.0000000e+000"},
    {"OrderID":"10301","ProductID":"56","UnitPrice":"30.4000","Quantity":"20","Discount":"0.0000000e+000"},
    {"OrderID":"10302","ProductID":"17","UnitPrice":"31.2000","Quantity":"40","Discount":"0.0000000e+000"},
    {"OrderID":"10302","ProductID":"28","UnitPrice":"36.4000","Quantity":"28","Discount":"0.0000000e+000"},
    {"OrderID":"10302","ProductID":"43","UnitPrice":"36.8000","Quantity":"12","Discount":"0.0000000e+000"},
    {"OrderID":"10303","ProductID":"40","UnitPrice":"14.7000","Quantity":"40","Discount":"1.0000000e-001"},
    {"OrderID":"10303","ProductID":"65","UnitPrice":"16.8000","Quantity":"30","Discount":"1.0000000e-001"},
    {"OrderID":"10303","ProductID":"68","UnitPrice":"10.0000","Quantity":"15","Discount":"1.0000000e-001"},
    {"OrderID":"10304","ProductID":"49","UnitPrice":"16.0000","Quantity":"30","Discount":"0.0000000e+000"},
    {"OrderID":"10304","ProductID":"59","UnitPrice":"44.0000","Quantity":"10","Discount":"0.0000000e+000"},
    {"OrderID":"10304","ProductID":"71","UnitPrice":"17.2000","Quantity":"2","Discount":"0.0000000e+000"},
    {"OrderID":"10305","ProductID":"18","UnitPrice":"50.0000","Quantity":"25","Discount":"1.0000000e-001"},
    {"OrderID":"10305","ProductID":"29","UnitPrice":"99.0000","Quantity":"25","Discount":"1.0000000e-001"},
    {"OrderID":"10305","ProductID":"39","UnitPrice":"14.4000","Quantity":"30","Discount":"1.0000000e-001"},
    {"OrderID":"10306","ProductID":"30","UnitPrice":"20.7000","Quantity":"10","Discount":"0.0000000e+000"},
    {"OrderID":"10306","ProductID":"53","UnitPrice":"26.2000","Quantity":"10","Discount":"0.0000000e+000"},
    {"OrderID":"10306","ProductID":"54","UnitPrice":"5.9000","Quantity":"5","Discount":"0.0000000e+000"},
    {"OrderID":"10307","ProductID":"62","UnitPrice":"39.4000","Quantity":"10","Discount":"0.0000000e+000"},
    {"OrderID":"10307","ProductID":"68","UnitPrice":"10.0000","Quantity":"3","Discount":"0.0000000e+000"},
    {"OrderID":"10308","ProductID":"69","UnitPrice":"28.8000","Quantity":"1","Discount":"0.0000000e+000"},
    {"OrderID":"10308","ProductID":"70","UnitPrice":"12.0000","Quantity":"5","Discount":"0.0000000e+000"},
    {"OrderID":"10309","ProductID":"4","UnitPrice":"17.6000","Quantity":"20","Discount":"0.0000000e+000"},
    {"OrderID":"10309","ProductID":"6","UnitPrice":"20.0000","Quantity":"30","Discount":"0.0000000e+000"},
    {"OrderID":"10309","ProductID":"42","UnitPrice":"11.2000","Quantity":"2","Discount":"0.0000000e+000"},
    {"OrderID":"10309","ProductID":"43","UnitPrice":"36.8000","Quantity":"20","Discount":"0.0000000e+000"},
    {"OrderID":"10309","ProductID":"71","UnitPrice":"17.2000","Quantity":"3","Discount":"0.0000000e+000"},
    {"OrderID":"10310","ProductID":"16","UnitPrice":"13.9000","Quantity":"10","Discount":"0.0000000e+000"},
    {"OrderID":"10310","ProductID":"62","UnitPrice":"39.4000","Quantity":"5","Discount":"0.0000000e+000"},
    {"OrderID":"10311","ProductID":"42","UnitPrice":"11.2000","Quantity":"6","Discount":"0.0000000e+000"},
    {"OrderID":"10311","ProductID":"69","UnitPrice":"28.8000","Quantity":"7","Discount":"0.0000000e+000"},
    {"OrderID":"10312","ProductID":"28","UnitPrice":"36.4000","Quantity":"4","Discount":"0.0000000e+000"},
    {"OrderID":"10312","ProductID":"43","UnitPrice":"36.8000","Quantity":"24","Discount":"0.0000000e+000"},
    {"OrderID":"10312","ProductID":"53","UnitPrice":"26.2000","Quantity":"20","Discount":"0.0000000e+000"},
    {"OrderID":"10312","ProductID":"75","UnitPrice":"6.2000","Quantity":"10","Discount":"0.0000000e+000"},
    {"OrderID":"10313","ProductID":"36","UnitPrice":"15.2000","Quantity":"12","Discount":"0.0000000e+000"},
    {"OrderID":"10314","ProductID":"32","UnitPrice":"25.6000","Quantity":"40","Discount":"1.0000000e-001"},
    {"OrderID":"10314","ProductID":"58","UnitPrice":"10.6000","Quantity":"30","Discount":"1.0000000e-001"},
    {"OrderID":"10314","ProductID":"62","UnitPrice":"39.4000","Quantity":"25","Discount":"1.0000000e-001"},
    {"OrderID":"10315","ProductID":"34","UnitPrice":"11.2000","Quantity":"14","Discount":"0.0000000e+000"},
    {"OrderID":"10315","ProductID":"70","UnitPrice":"12.0000","Quantity":"30","Discount":"0.0000000e+000"},
    {"OrderID":"10316","ProductID":"41","UnitPrice":"7.7000","Quantity":"10","Discount":"0.0000000e+000"},
    {"OrderID":"10316","ProductID":"62","UnitPrice":"39.4000","Quantity":"70","Discount":"0.0000000e+000"},
    {"OrderID":"10317","ProductID":"1","UnitPrice":"14.4000","Quantity":"20","Discount":"0.0000000e+000"},
    {"OrderID":"10318","ProductID":"41","UnitPrice":"7.7000","Quantity":"20","Discount":"0.0000000e+000"},
    {"OrderID":"10318","ProductID":"76","UnitPrice":"14.4000","Quantity":"6","Discount":"0.0000000e+000"},
    {"OrderID":"10319","ProductID":"17","UnitPrice":"31.2000","Quantity":"8","Discount":"0.0000000e+000"},
    {"OrderID":"10319","ProductID":"28","UnitPrice":"36.4000","Quantity":"14","Discount":"0.0000000e+000"},
    {"OrderID":"10319","ProductID":"76","UnitPrice":"14.4000","Quantity":"30","Discount":"0.0000000e+000"},
    {"OrderID":"10320","ProductID":"71","UnitPrice":"17.2000","Quantity":"30","Discount":"0.0000000e+000"},
    {"OrderID":"10321","ProductID":"35","UnitPrice":"14.4000","Quantity":"10","Discount":"0.0000000e+000"},
    {"OrderID":"10322","ProductID":"52","UnitPrice":"5.6000","Quantity":"20","Discount":"0.0000000e+000"},
    {"OrderID":"10323","ProductID":"15","UnitPrice":"12.4000","Quantity":"5","Discount":"0.0000000e+000"},
    {"OrderID":"10323","ProductID":"25","UnitPrice":"11.2000","Quantity":"4","Discount":"0.0000000e+000"},
    {"OrderID":"10323","ProductID":"39","UnitPrice":"14.4000","Quantity":"4","Discount":"0.0000000e+000"},
    {"OrderID":"10324","ProductID":"16","UnitPrice":"13.9000","Quantity":"21","Discount":"1.5000001e-001"},
    {"OrderID":"10324","ProductID":"35","UnitPrice":"14.4000","Quantity":"70","Discount":"1.5000001e-001"},
    {"OrderID":"10324","ProductID":"46","UnitPrice":"9.6000","Quantity":"30","Discount":"0.0000000e+000"},
    {"OrderID":"10324","ProductID":"59","UnitPrice":"44.0000","Quantity":"40","Discount":"1.5000001e-001"},
    {"OrderID":"10324","ProductID":"63","UnitPrice":"35.1000","Quantity":"80","Discount":"1.5000001e-001"},
    {"OrderID":"10325","ProductID":"6","UnitPrice":"20.0000","Quantity":"6","Discount":"0.0000000e+000"},
    {"OrderID":"10325","ProductID":"13","UnitPrice":"4.8000","Quantity":"12","Discount":"0.0000000e+000"},
    {"OrderID":"10325","ProductID":"14","UnitPrice":"18.6000","Quantity":"9","Discount":"0.0000000e+000"},
    {"OrderID":"10325","ProductID":"31","UnitPrice":"10.0000","Quantity":"4","Discount":"0.0000000e+000"},
    {"OrderID":"10325","ProductID":"72","UnitPrice":"27.8000","Quantity":"40","Discount":"0.0000000e+000"},
    {"OrderID":"10326","ProductID":"4","UnitPrice":"17.6000","Quantity":"24","Discount":"0.0000000e+000"},
    {"OrderID":"10326","ProductID":"57","UnitPrice":"15.6000","Quantity":"16","Discount":"0.0000000e+000"},
    {"OrderID":"10326","ProductID":"75","UnitPrice":"6.2000","Quantity":"50","Discount":"0.0000000e+000"},
    {"OrderID":"10327","ProductID":"2","UnitPrice":"15.2000","Quantity":"25","Discount":"2.0000000e-001"},
    {"OrderID":"10327","ProductID":"11","UnitPrice":"16.8000","Quantity":"50","Discount":"2.0000000e-001"},
    {"OrderID":"10327","ProductID":"30","UnitPrice":"20.7000","Quantity":"35","Discount":"2.0000000e-001"},
    {"OrderID":"10327","ProductID":"58","UnitPrice":"10.6000","Quantity":"30","Discount":"2.0000000e-001"},
    {"OrderID":"10328","ProductID":"59","UnitPrice":"44.0000","Quantity":"9","Discount":"0.0000000e+000"},
    {"OrderID":"10328","ProductID":"65","UnitPrice":"16.8000","Quantity":"40","Discount":"0.0000000e+000"},
    {"OrderID":"10328","ProductID":"68","UnitPrice":"10.0000","Quantity":"10","Discount":"0.0000000e+000"},
    {"OrderID":"10329","ProductID":"19","UnitPrice":"7.3000","Quantity":"10","Discount":"5.0000001e-002"},
    {"OrderID":"10329","ProductID":"30","UnitPrice":"20.7000","Quantity":"8","Discount":"5.0000001e-002"},
    {"OrderID":"10329","ProductID":"38","UnitPrice":"210.8000","Quantity":"20","Discount":"5.0000001e-002"},
    {"OrderID":"10329","ProductID":"56","UnitPrice":"30.4000","Quantity":"12","Discount":"5.0000001e-002"},
    {"OrderID":"10330","ProductID":"26","UnitPrice":"24.9000","Quantity":"50","Discount":"1.5000001e-001"},
    {"OrderID":"10330","ProductID":"72","UnitPrice":"27.8000","Quantity":"25","Discount":"1.5000001e-001"},
    {"OrderID":"10331","ProductID":"54","UnitPrice":"5.9000","Quantity":"15","Discount":"0.0000000e+000"},
    {"OrderID":"10332","ProductID":"18","UnitPrice":"50.0000","Quantity":"40","Discount":"2.0000000e-001"},
    {"OrderID":"10332","ProductID":"42","UnitPrice":"11.2000","Quantity":"10","Discount":"2.0000000e-001"},
    {"OrderID":"10332","ProductID":"47","UnitPrice":"7.6000","Quantity":"16","Discount":"2.0000000e-001"},
    {"OrderID":"10333","ProductID":"14","UnitPrice":"18.6000","Quantity":"10","Discount":"0.0000000e+000"},
    {"OrderID":"10333","ProductID":"21","UnitPrice":"8.0000","Quantity":"10","Discount":"1.0000000e-001"},
    {"OrderID":"10333","ProductID":"71","UnitPrice":"17.2000","Quantity":"40","Discount":"1.0000000e-001"},
    {"OrderID":"10334","ProductID":"52","UnitPrice":"5.6000","Quantity":"8","Discount":"0.0000000e+000"},
    {"OrderID":"10334","ProductID":"68","UnitPrice":"10.0000","Quantity":"10","Discount":"0.0000000e+000"},
    {"OrderID":"10335","ProductID":"2","UnitPrice":"15.2000","Quantity":"7","Discount":"2.0000000e-001"},
    {"OrderID":"10335","ProductID":"31","UnitPrice":"10.0000","Quantity":"25","Discount":"2.0000000e-001"},
    {"OrderID":"10335","ProductID":"32","UnitPrice":"25.6000","Quantity":"6","Discount":"2.0000000e-001"},
    {"OrderID":"10335","ProductID":"51","UnitPrice":"42.4000","Quantity":"48","Discount":"2.0000000e-001"},
    {"OrderID":"10336","ProductID":"4","UnitPrice":"17.6000","Quantity":"18","Discount":"1.0000000e-001"},
    {"OrderID":"10337","ProductID":"23","UnitPrice":"7.2000","Quantity":"40","Discount":"0.0000000e+000"},
    {"OrderID":"10337","ProductID":"26","UnitPrice":"24.9000","Quantity":"24","Discount":"0.0000000e+000"},
    {"OrderID":"10337","ProductID":"36","UnitPrice":"15.2000","Quantity":"20","Discount":"0.0000000e+000"},
    {"OrderID":"10337","ProductID":"37","UnitPrice":"20.8000","Quantity":"28","Discount":"0.0000000e+000"},
    {"OrderID":"10337","ProductID":"72","UnitPrice":"27.8000","Quantity":"25","Discount":"0.0000000e+000"},
    {"OrderID":"10338","ProductID":"17","UnitPrice":"31.2000","Quantity":"20","Discount":"0.0000000e+000"},
    {"OrderID":"10338","ProductID":"30","UnitPrice":"20.7000","Quantity":"15","Discount":"0.0000000e+000"},
    {"OrderID":"10339","ProductID":"4","UnitPrice":"17.6000","Quantity":"10","Discount":"0.0000000e+000"},
    {"OrderID":"10339","ProductID":"17","UnitPrice":"31.2000","Quantity":"70","Discount":"5.0000001e-002"},
    {"OrderID":"10339","ProductID":"62","UnitPrice":"39.4000","Quantity":"28","Discount":"0.0000000e+000"},
    {"OrderID":"10340","ProductID":"18","UnitPrice":"50.0000","Quantity":"20","Discount":"5.0000001e-002"},
    {"OrderID":"10340","ProductID":"41","UnitPrice":"7.7000","Quantity":"12","Discount":"5.0000001e-002"},
    {"OrderID":"10340","ProductID":"43","UnitPrice":"36.8000","Quantity":"40","Discount":"5.0000001e-002"},
    {"OrderID":"10341","ProductID":"33","UnitPrice":"2.0000","Quantity":"8","Discount":"0.0000000e+000"},
    {"OrderID":"10341","ProductID":"59","UnitPrice":"44.0000","Quantity":"9","Discount":"1.5000001e-001"},
    {"OrderID":"10342","ProductID":"2","UnitPrice":"15.2000","Quantity":"24","Discount":"2.0000000e-001"},
    {"OrderID":"10342","ProductID":"31","UnitPrice":"10.0000","Quantity":"56","Discount":"2.0000000e-001"},
    {"OrderID":"10342","ProductID":"36","UnitPrice":"15.2000","Quantity":"40","Discount":"2.0000000e-001"},
    {"OrderID":"10342","ProductID":"55","UnitPrice":"19.2000","Quantity":"40","Discount":"2.0000000e-001"},
    {"OrderID":"10343","ProductID":"64","UnitPrice":"26.6000","Quantity":"50","Discount":"0.0000000e+000"},
    {"OrderID":"10343","ProductID":"68","UnitPrice":"10.0000","Quantity":"4","Discount":"5.0000001e-002"},
    {"OrderID":"10343","ProductID":"76","UnitPrice":"14.4000","Quantity":"15","Discount":"0.0000000e+000"},
    {"OrderID":"10344","ProductID":"4","UnitPrice":"17.6000","Quantity":"35","Discount":"0.0000000e+000"},
    {"OrderID":"10344","ProductID":"8","UnitPrice":"32.0000","Quantity":"70","Discount":"2.5000000e-001"},
    {"OrderID":"10345","ProductID":"8","UnitPrice":"32.0000","Quantity":"70","Discount":"0.0000000e+000"},
    {"OrderID":"10345","ProductID":"19","UnitPrice":"7.3000","Quantity":"80","Discount":"0.0000000e+000"},
    {"OrderID":"10345","ProductID":"42","UnitPrice":"11.2000","Quantity":"9","Discount":"0.0000000e+000"},
    {"OrderID":"10346","ProductID":"17","UnitPrice":"31.2000","Quantity":"36","Discount":"1.0000000e-001"},
    {"OrderID":"10346","ProductID":"56","UnitPrice":"30.4000","Quantity":"20","Discount":"0.0000000e+000"},
    {"OrderID":"10347","ProductID":"25","UnitPrice":"11.2000","Quantity":"10","Discount":"0.0000000e+000"},
    {"OrderID":"10347","ProductID":"39","UnitPrice":"14.4000","Quantity":"50","Discount":"1.5000001e-001"},
    {"OrderID":"10347","ProductID":"40","UnitPrice":"14.7000","Quantity":"4","Discount":"0.0000000e+000"},
    {"OrderID":"10347","ProductID":"75","UnitPrice":"6.2000","Quantity":"6","Discount":"1.5000001e-001"},
    {"OrderID":"10348","ProductID":"1","UnitPrice":"14.4000","Quantity":"15","Discount":"1.5000001e-001"},
    {"OrderID":"10348","ProductID":"23","UnitPrice":"7.2000","Quantity":"25","Discount":"0.0000000e+000"},
    {"OrderID":"10349","ProductID":"54","UnitPrice":"5.9000","Quantity":"24","Discount":"0.0000000e+000"},
    {"OrderID":"10350","ProductID":"50","UnitPrice":"13.0000","Quantity":"15","Discount":"1.0000000e-001"},
    {"OrderID":"10350","ProductID":"69","UnitPrice":"28.8000","Quantity":"18","Discount":"1.0000000e-001"},
    {"OrderID":"10351","ProductID":"38","UnitPrice":"210.8000","Quantity":"20","Discount":"5.0000001e-002"},
    {"OrderID":"10351","ProductID":"41","UnitPrice":"7.7000","Quantity":"13","Discount":"0.0000000e+000"},
    {"OrderID":"10351","ProductID":"44","UnitPrice":"15.5000","Quantity":"77","Discount":"5.0000001e-002"},
    {"OrderID":"10351","ProductID":"65","UnitPrice":"16.8000","Quantity":"10","Discount":"5.0000001e-002"},
    {"OrderID":"10352","ProductID":"24","UnitPrice":"3.6000","Quantity":"10","Discount":"0.0000000e+000"},
    {"OrderID":"10352","ProductID":"54","UnitPrice":"5.9000","Quantity":"20","Discount":"1.5000001e-001"},
    {"OrderID":"10353","ProductID":"11","UnitPrice":"16.8000","Quantity":"12","Discount":"2.0000000e-001"},
    {"OrderID":"10353","ProductID":"38","UnitPrice":"210.8000","Quantity":"50","Discount":"2.0000000e-001"},
    {"OrderID":"10354","ProductID":"1","UnitPrice":"14.4000","Quantity":"12","Discount":"0.0000000e+000"},
    {"OrderID":"10354","ProductID":"29","UnitPrice":"99.0000","Quantity":"4","Discount":"0.0000000e+000"},
    {"OrderID":"10355","ProductID":"24","UnitPrice":"3.6000","Quantity":"25","Discount":"0.0000000e+000"},
    {"OrderID":"10355","ProductID":"57","UnitPrice":"15.6000","Quantity":"25","Discount":"0.0000000e+000"},
    {"OrderID":"10356","ProductID":"31","UnitPrice":"10.0000","Quantity":"30","Discount":"0.0000000e+000"},
    {"OrderID":"10356","ProductID":"55","UnitPrice":"19.2000","Quantity":"12","Discount":"0.0000000e+000"},
    {"OrderID":"10356","ProductID":"69","UnitPrice":"28.8000","Quantity":"20","Discount":"0.0000000e+000"},
    {"OrderID":"10357","ProductID":"10","UnitPrice":"24.8000","Quantity":"30","Discount":"2.0000000e-001"},
    {"OrderID":"10357","ProductID":"26","UnitPrice":"24.9000","Quantity":"16","Discount":"0.0000000e+000"},
    {"OrderID":"10357","ProductID":"60","UnitPrice":"27.2000","Quantity":"8","Discount":"2.0000000e-001"},
    {"OrderID":"10358","ProductID":"24","UnitPrice":"3.6000","Quantity":"10","Discount":"5.0000001e-002"},
    {"OrderID":"10358","ProductID":"34","UnitPrice":"11.2000","Quantity":"10","Discount":"5.0000001e-002"},
    {"OrderID":"10358","ProductID":"36","UnitPrice":"15.2000","Quantity":"20","Discount":"5.0000001e-002"},
    {"OrderID":"10359","ProductID":"16","UnitPrice":"13.9000","Quantity":"56","Discount":"5.0000001e-002"},
    {"OrderID":"10359","ProductID":"31","UnitPrice":"10.0000","Quantity":"70","Discount":"5.0000001e-002"},
    {"OrderID":"10359","ProductID":"60","UnitPrice":"27.2000","Quantity":"80","Discount":"5.0000001e-002"},
    {"OrderID":"10360","ProductID":"28","UnitPrice":"36.4000","Quantity":"30","Discount":"0.0000000e+000"},
    {"OrderID":"10360","ProductID":"29","UnitPrice":"99.0000","Quantity":"35","Discount":"0.0000000e+000"},
    {"OrderID":"10360","ProductID":"38","UnitPrice":"210.8000","Quantity":"10","Discount":"0.0000000e+000"},
    {"OrderID":"10360","ProductID":"49","UnitPrice":"16.0000","Quantity":"35","Discount":"0.0000000e+000"},
    {"OrderID":"10360","ProductID":"54","UnitPrice":"5.9000","Quantity":"28","Discount":"0.0000000e+000"},
    {"OrderID":"10361","ProductID":"39","UnitPrice":"14.4000","Quantity":"54","Discount":"1.0000000e-001"},
    {"OrderID":"10361","ProductID":"60","UnitPrice":"27.2000","Quantity":"55","Discount":"1.0000000e-001"},
    {"OrderID":"10362","ProductID":"25","UnitPrice":"11.2000","Quantity":"50","Discount":"0.0000000e+000"},
    {"OrderID":"10362","ProductID":"51","UnitPrice":"42.4000","Quantity":"20","Discount":"0.0000000e+000"},
    {"OrderID":"10362","ProductID":"54","UnitPrice":"5.9000","Quantity":"24","Discount":"0.0000000e+000"},
    {"OrderID":"10363","ProductID":"31","UnitPrice":"10.0000","Quantity":"20","Discount":"0.0000000e+000"},
    {"OrderID":"10363","ProductID":"75","UnitPrice":"6.2000","Quantity":"12","Discount":"0.0000000e+000"},
    {"OrderID":"10363","ProductID":"76","UnitPrice":"14.4000","Quantity":"12","Discount":"0.0000000e+000"},
    {"OrderID":"10364","ProductID":"69","UnitPrice":"28.8000","Quantity":"30","Discount":"0.0000000e+000"},
    {"OrderID":"10364","ProductID":"71","UnitPrice":"17.2000","Quantity":"5","Discount":"0.0000000e+000"},
    {"OrderID":"10365","ProductID":"11","UnitPrice":"16.8000","Quantity":"24","Discount":"0.0000000e+000"},
    {"OrderID":"10366","ProductID":"65","UnitPrice":"16.8000","Quantity":"5","Discount":"0.0000000e+000"},
    {"OrderID":"10366","ProductID":"77","UnitPrice":"10.4000","Quantity":"5","Discount":"0.0000000e+000"},
    {"OrderID":"10367","ProductID":"34","UnitPrice":"11.2000","Quantity":"36","Discount":"0.0000000e+000"},
    {"OrderID":"10367","ProductID":"54","UnitPrice":"5.9000","Quantity":"18","Discount":"0.0000000e+000"},
    {"OrderID":"10367","ProductID":"65","UnitPrice":"16.8000","Quantity":"15","Discount":"0.0000000e+000"},
    {"OrderID":"10367","ProductID":"77","UnitPrice":"10.4000","Quantity":"7","Discount":"0.0000000e+000"},
    {"OrderID":"10368","ProductID":"21","UnitPrice":"8.0000","Quantity":"5","Discount":"1.0000000e-001"},
    {"OrderID":"10368","ProductID":"28","UnitPrice":"36.4000","Quantity":"13","Discount":"1.0000000e-001"},
    {"OrderID":"10368","ProductID":"57","UnitPrice":"15.6000","Quantity":"25","Discount":"0.0000000e+000"},
    {"OrderID":"10368","ProductID":"64","UnitPrice":"26.6000","Quantity":"35","Discount":"1.0000000e-001"},
    {"OrderID":"10369","ProductID":"29","UnitPrice":"99.0000","Quantity":"20","Discount":"0.0000000e+000"},
    {"OrderID":"10369","ProductID":"56","UnitPrice":"30.4000","Quantity":"18","Discount":"2.5000000e-001"},
    {"OrderID":"10370","ProductID":"1","UnitPrice":"14.4000","Quantity":"15","Discount":"1.5000001e-001"},
    {"OrderID":"10370","ProductID":"64","UnitPrice":"26.6000","Quantity":"30","Discount":"0.0000000e+000"},
    {"OrderID":"10370","ProductID":"74","UnitPrice":"8.0000","Quantity":"20","Discount":"1.5000001e-001"},
    {"OrderID":"10371","ProductID":"36","UnitPrice":"15.2000","Quantity":"6","Discount":"2.0000000e-001"},
    {"OrderID":"10372","ProductID":"20","UnitPrice":"64.8000","Quantity":"12","Discount":"2.5000000e-001"},
    {"OrderID":"10372","ProductID":"38","UnitPrice":"210.8000","Quantity":"40","Discount":"2.5000000e-001"},
    {"OrderID":"10372","ProductID":"60","UnitPrice":"27.2000","Quantity":"70","Discount":"2.5000000e-001"},
    {"OrderID":"10372","ProductID":"72","UnitPrice":"27.8000","Quantity":"42","Discount":"2.5000000e-001"},
    {"OrderID":"10373","ProductID":"58","UnitPrice":"10.6000","Quantity":"80","Discount":"2.0000000e-001"},
    {"OrderID":"10373","ProductID":"71","UnitPrice":"17.2000","Quantity":"50","Discount":"2.0000000e-001"},
    {"OrderID":"10374","ProductID":"31","UnitPrice":"10.0000","Quantity":"30","Discount":"0.0000000e+000"},
    {"OrderID":"10374","ProductID":"58","UnitPrice":"10.6000","Quantity":"15","Discount":"0.0000000e+000"},
    {"OrderID":"10375","ProductID":"14","UnitPrice":"18.6000","Quantity":"15","Discount":"0.0000000e+000"},
    {"OrderID":"10375","ProductID":"54","UnitPrice":"5.9000","Quantity":"10","Discount":"0.0000000e+000"},
    {"OrderID":"10376","ProductID":"31","UnitPrice":"10.0000","Quantity":"42","Discount":"5.0000001e-002"},
    {"OrderID":"10377","ProductID":"28","UnitPrice":"36.4000","Quantity":"20","Discount":"1.5000001e-001"},
    {"OrderID":"10377","ProductID":"39","UnitPrice":"14.4000","Quantity":"20","Discount":"1.5000001e-001"},
    {"OrderID":"10378","ProductID":"71","UnitPrice":"17.2000","Quantity":"6","Discount":"0.0000000e+000"},
    {"OrderID":"10379","ProductID":"41","UnitPrice":"7.7000","Quantity":"8","Discount":"1.0000000e-001"},
    {"OrderID":"10379","ProductID":"63","UnitPrice":"35.1000","Quantity":"16","Discount":"1.0000000e-001"},
    {"OrderID":"10379","ProductID":"65","UnitPrice":"16.8000","Quantity":"20","Discount":"1.0000000e-001"},
    {"OrderID":"10380","ProductID":"30","UnitPrice":"20.7000","Quantity":"18","Discount":"1.0000000e-001"},
    {"OrderID":"10380","ProductID":"53","UnitPrice":"26.2000","Quantity":"20","Discount":"1.0000000e-001"},
    {"OrderID":"10380","ProductID":"60","UnitPrice":"27.2000","Quantity":"6","Discount":"1.0000000e-001"},
    {"OrderID":"10380","ProductID":"70","UnitPrice":"12.0000","Quantity":"30","Discount":"0.0000000e+000"},
    {"OrderID":"10381","ProductID":"74","UnitPrice":"8.0000","Quantity":"14","Discount":"0.0000000e+000"},
    {"OrderID":"10382","ProductID":"5","UnitPrice":"17.0000","Quantity":"32","Discount":"0.0000000e+000"},
    {"OrderID":"10382","ProductID":"18","UnitPrice":"50.0000","Quantity":"9","Discount":"0.0000000e+000"},
    {"OrderID":"10382","ProductID":"29","UnitPrice":"99.0000","Quantity":"14","Discount":"0.0000000e+000"},
    {"OrderID":"10382","ProductID":"33","UnitPrice":"2.0000","Quantity":"60","Discount":"0.0000000e+000"},
    {"OrderID":"10382","ProductID":"74","UnitPrice":"8.0000","Quantity":"50","Discount":"0.0000000e+000"},
    {"OrderID":"10383","ProductID":"13","UnitPrice":"4.8000","Quantity":"20","Discount":"0.0000000e+000"},
    {"OrderID":"10383","ProductID":"50","UnitPrice":"13.0000","Quantity":"15","Discount":"0.0000000e+000"},
    {"OrderID":"10383","ProductID":"56","UnitPrice":"30.4000","Quantity":"20","Discount":"0.0000000e+000"},
    {"OrderID":"10384","ProductID":"20","UnitPrice":"64.8000","Quantity":"28","Discount":"0.0000000e+000"},
    {"OrderID":"10384","ProductID":"60","UnitPrice":"27.2000","Quantity":"15","Discount":"0.0000000e+000"},
    {"OrderID":"10385","ProductID":"7","UnitPrice":"24.0000","Quantity":"10","Discount":"2.0000000e-001"},
    {"OrderID":"10385","ProductID":"60","UnitPrice":"27.2000","Quantity":"20","Discount":"2.0000000e-001"},
    {"OrderID":"10385","ProductID":"68","UnitPrice":"10.0000","Quantity":"8","Discount":"2.0000000e-001"},
    {"OrderID":"10386","ProductID":"24","UnitPrice":"3.6000","Quantity":"15","Discount":"0.0000000e+000"},
    {"OrderID":"10386","ProductID":"34","UnitPrice":"11.2000","Quantity":"10","Discount":"0.0000000e+000"},
    {"OrderID":"10387","ProductID":"24","UnitPrice":"3.6000","Quantity":"15","Discount":"0.0000000e+000"},
    {"OrderID":"10387","ProductID":"28","UnitPrice":"36.4000","Quantity":"6","Discount":"0.0000000e+000"},
    {"OrderID":"10387","ProductID":"59","UnitPrice":"44.0000","Quantity":"12","Discount":"0.0000000e+000"},
    {"OrderID":"10387","ProductID":"71","UnitPrice":"17.2000","Quantity":"15","Discount":"0.0000000e+000"},
    {"OrderID":"10388","ProductID":"45","UnitPrice":"7.6000","Quantity":"15","Discount":"2.0000000e-001"},
    {"OrderID":"10388","ProductID":"52","UnitPrice":"5.6000","Quantity":"20","Discount":"2.0000000e-001"},
    {"OrderID":"10388","ProductID":"53","UnitPrice":"26.2000","Quantity":"40","Discount":"0.0000000e+000"},
    {"OrderID":"10389","ProductID":"10","UnitPrice":"24.8000","Quantity":"16","Discount":"0.0000000e+000"},
    {"OrderID":"10389","ProductID":"55","UnitPrice":"19.2000","Quantity":"15","Discount":"0.0000000e+000"},
    {"OrderID":"10389","ProductID":"62","UnitPrice":"39.4000","Quantity":"20","Discount":"0.0000000e+000"},
    {"OrderID":"10389","ProductID":"70","UnitPrice":"12.0000","Quantity":"30","Discount":"0.0000000e+000"},
    {"OrderID":"10390","ProductID":"31","UnitPrice":"10.0000","Quantity":"60","Discount":"1.0000000e-001"},
    {"OrderID":"10390","ProductID":"35","UnitPrice":"14.4000","Quantity":"40","Discount":"1.0000000e-001"},
    {"OrderID":"10390","ProductID":"46","UnitPrice":"9.6000","Quantity":"45","Discount":"0.0000000e+000"},
    {"OrderID":"10390","ProductID":"72","UnitPrice":"27.8000","Quantity":"24","Discount":"1.0000000e-001"},
    {"OrderID":"10391","ProductID":"13","UnitPrice":"4.8000","Quantity":"18","Discount":"0.0000000e+000"},
    {"OrderID":"10392","ProductID":"69","UnitPrice":"28.8000","Quantity":"50","Discount":"0.0000000e+000"},
    {"OrderID":"10393","ProductID":"2","UnitPrice":"15.2000","Quantity":"25","Discount":"2.5000000e-001"},
    {"OrderID":"10393","ProductID":"14","UnitPrice":"18.6000","Quantity":"42","Discount":"2.5000000e-001"},
    {"OrderID":"10393","ProductID":"25","UnitPrice":"11.2000","Quantity":"7","Discount":"2.5000000e-001"},
    {"OrderID":"10393","ProductID":"26","UnitPrice":"24.9000","Quantity":"70","Discount":"2.5000000e-001"},
    {"OrderID":"10393","ProductID":"31","UnitPrice":"10.0000","Quantity":"32","Discount":"0.0000000e+000"},
    {"OrderID":"10394","ProductID":"13","UnitPrice":"4.8000","Quantity":"10","Discount":"0.0000000e+000"},
    {"OrderID":"10394","ProductID":"62","UnitPrice":"39.4000","Quantity":"10","Discount":"0.0000000e+000"},
    {"OrderID":"10395","ProductID":"46","UnitPrice":"9.6000","Quantity":"28","Discount":"1.0000000e-001"},
    {"OrderID":"10395","ProductID":"53","UnitPrice":"26.2000","Quantity":"70","Discount":"1.0000000e-001"},
    {"OrderID":"10395","ProductID":"69","UnitPrice":"28.8000","Quantity":"8","Discount":"0.0000000e+000"},
    {"OrderID":"10396","ProductID":"23","UnitPrice":"7.2000","Quantity":"40","Discount":"0.0000000e+000"},
    {"OrderID":"10396","ProductID":"71","UnitPrice":"17.2000","Quantity":"60","Discount":"0.0000000e+000"},
    {"OrderID":"10396","ProductID":"72","UnitPrice":"27.8000","Quantity":"21","Discount":"0.0000000e+000"},
    {"OrderID":"10397","ProductID":"21","UnitPrice":"8.0000","Quantity":"10","Discount":"1.5000001e-001"},
    {"OrderID":"10397","ProductID":"51","UnitPrice":"42.4000","Quantity":"18","Discount":"1.5000001e-001"},
    {"OrderID":"10398","ProductID":"35","UnitPrice":"14.4000","Quantity":"30","Discount":"0.0000000e+000"},
    {"OrderID":"10398","ProductID":"55","UnitPrice":"19.2000","Quantity":"120","Discount":"1.0000000e-001"},
    {"OrderID":"10399","ProductID":"68","UnitPrice":"10.0000","Quantity":"60","Discount":"0.0000000e+000"}]